sn,invertersn,temperature,vpv1,vpv2,vpv3,vpv4,vpv5,vpv6,vpv7,vpv8,vpv9,vpv10,vpv11,vpv12,vpv13,vpv14,vpv15,vpv16,vpv17,vpv18,vpv19,vpv20,vpv21,vpv22,vpv23,vpv24,vpv25,vpv26,vpv27,vpv28,vpv29,vpv30,ipv1,ipv2,ipv3,ipv4,ipv5,ipv6,ipv7,ipv8,ipv9,ipv10,ipv11,ipv12,ipv13,ipv14,ipv15,ipv16,ipv17,ipv18,ipv19,ipv20,ipv21,ipv22,ipv23,ipv24,ipv25,ipv26,ipv27,ipv28,ipv29,ipv30,vac1,vac2,vac3,iac1,iac2,iac3,fac1,fac2,fac3,pac,eday,etotal,ttotal,switchstatus,powercurvenumber,errorcode,alertcode,alertcodelist,errorcodelist,createtime,outputpowerratio,activepower,reactivepower,inspectingpower,powerfactor,etl_time,ds
TP40KBT000B231023035,TP40KBT000B231023035,14.7,482.1,482.1,482.2,482.2,481.9,481.9,\N,\N,\N,\N,\N,\N,\N,\N,\N,\N,\N,\N,\N,\N,\N,\N,\N,\N,\N,\N,\N,\N,\N,\N,0,0,0,0,0,0,\N,\N,\N,\N,\N,\N,\N,\N,\N,\N,\N,\N,\N,\N,\N,\N,\N,\N,\N,\N,\N,\N,\N,\N,240.1,238.5,238.9,0,0,0,50.01,50.01,50.01,0,0,52559.5,4469,0,0,0,0,\N,\N,2025-08-03 04:25:36,0,0,0,0,0,2025-08-04 02:34:14,20250803
TP40KBT000B231023035,TP40KBT000B231023035,0,0,0,0,0,0,0,\N,\N,\N,\N,\N,\N,\N,\N,\N,\N,\N,\N,\N,\N,\N,\N,\N,\N,\N,\N,\N,\N,\N,\N,0,0,0,0,0,0,\N,\N,\N,\N,\N,\N,\N,\N,\N,\N,\N,\N,\N,\N,\N,\N,\N,\N,\N,\N,\N,\N,\N,\N,0,0,0,0,0,0,0,0,0,0,0,0,0,0,0,0,0,\N,\N,2025-08-03 04:30:37,0,0,0,0,0,2025-08-04 02:34:14,20250803
TP40KBT000B231023035,TP40KBT000B231023035,16.4,566.4,566.4,566.5,566.5,566.3,566.3,\N,\N,\N,\N,\N,\N,\N,\N,\N,\N,\N,\N,\N,\N,\N,\N,\N,\N,\N,\N,\N,\N,\N,\N,0,0,0,0,0,0,\N,\N,\N,\N,\N,\N,\N,\N,\N,\N,\N,\N,\N,\N,\N,\N,\N,\N,\N,\N,\N,\N,\N,\N,240,238.3,238.9,0,0,0,50.03,50.03,50.03,0,0,52559.5,4469,0,0,0,0,\N,\N,2025-08-03 04:35:37,0,0,0,0,0,2025-08-04 02:34:14,20250803
TP40KBT000B231023035,TP40KBT000B231023035,16.7,585.1,585.1,585.1,585.1,583,583,\N,\N,\N,\N,\N,\N,\N,\N,\N,\N,\N,\N,\N,\N,\N,\N,\N,\N,\N,\N,\N,\N,\N,\N,0,0,0,0,0,0,\N,\N,\N,\N,\N,\N,\N,\N,\N,\N,\N,\N,\N,\N,\N,\N,\N,\N,\N,\N,\N,\N,\N,\N,239.8,237.7,237.7,0,0,0,50.03,50.03,50.03,0,0,52559.5,4469,0,0,0,0,\N,\N,2025-08-03 04:40:37,0,0,0,0,0,2025-08-04 02:34:14,20250803
TP40KBT000B231023035,TP40KBT000B231023035,16.7,597.7,597.7,597.5,597.5,594.7,594.7,\N,\N,\N,\N,\N,\N,\N,\N,\N,\N,\N,\N,\N,\N,\N,\N,\N,\N,\N,\N,\N,\N,\N,\N,0,0,0,0,0,0,\N,\N,\N,\N,\N,\N,\N,\N,\N,\N,\N,\N,\N,\N,\N,\N,\N,\N,\N,\N,\N,\N,\N,\N,239.7,237.5,238.2,0,0,0,50.03,50.03,50.03,0,0,52559.5,4469,1,0,0,0,\N,\N,2025-08-03 04:45:37,0,0,0,0,0,2025-08-04 02:34:14,20250803
TP40KBT000B231023035,TP40KBT000B231023035,17.1,535.2,535.2,515,515,544.4,544.4,\N,\N,\N,\N,\N,\N,\N,\N,\N,\N,\N,\N,\N,\N,\N,\N,\N,\N,\N,\N,\N,\N,\N,\N,0.3,-0.1,0.1,0,0.2,-0.1,\N,\N,\N,\N,\N,\N,\N,\N,\N,\N,\N,\N,\N,\N,\N,\N,\N,\N,\N,\N,\N,\N,\N,\N,240,237.8,238.5,2,2.1,2.1,50.03,50.03,50.03,111,0,52559.5,4469,1,0,0,0,\N,\N,2025-08-03 04:50:37,0,111,-83,138,-0.8,2025-08-04 02:34:14,20250803
TP40KBT000B231023035,TP40KBT000B231023035,17.4,467.2,467.2,469.6,469.6,504.3,504.3,\N,\N,\N,\N,\N,\N,\N,\N,\N,\N,\N,\N,\N,\N,\N,\N,\N,\N,\N,\N,\N,\N,\N,\N,0.4,-0.1,0.1,0,0.2,-0.1,\N,\N,\N,\N,\N,\N,\N,\N,\N,\N,\N,\N,\N,\N,\N,\N,\N,\N,\N,\N,\N,\N,\N,\N,239.3,236.7,237.9,1.9,2,2,50.04,50.04,50.04,222,0,52559.5,4469,1,0,0,0,\N,\N,2025-08-03 04:55:38,0.01,222,-40,226,-0.98,2025-08-04 02:34:14,20250803
TP40KBT000B231023035,TP40KBT000B231023035,18,543.2,543.2,561.9,561.9,459.9,459.9,\N,\N,\N,\N,\N,\N,\N,\N,\N,\N,\N,\N,\N,\N,\N,\N,\N,\N,\N,\N,\N,\N,\N,\N,0.5,-0.1,0.2,0,0.3,-0.1,\N,\N,\N,\N,\N,\N,\N,\N,\N,\N,\N,\N,\N,\N,\N,\N,\N,\N,\N,\N,\N,\N,\N,\N,239.3,236.7,237.9,1.7,1.8,1.8,50.02,50.02,50.02,365,0,52559.5,4469,1,0,0,0,\N,\N,2025-08-03 05:00:39,0.01,365,242,438,0.83,2025-08-04 02:34:14,20250803
TP40KBT000B231023035,TP40KBT000B231023035,18.7,605.4,605.4,553.9,553.9,564.3,564.3,\N,\N,\N,\N,\N,\N,\N,\N,\N,\N,\N,\N,\N,\N,\N,\N,\N,\N,\N,\N,\N,\N,\N,\N,0.5,0,0.3,0,0.3,-0.1,\N,\N,\N,\N,\N,\N,\N,\N,\N,\N,\N,\N,\N,\N,\N,\N,\N,\N,\N,\N,\N,\N,\N,\N,238.6,236.9,238.6,1.9,2,2,50.02,50.02,50.02,510,0,52559.5,4469,1,0,0,0,\N,\N,2025-08-03 05:05:39,0.01,510,-94,518,-0.98,2025-08-04 02:34:14,20250803
TP40KBT000B231023035,TP40KBT000B231023035,19,589.4,589.4,513.9,513.9,560.4,560.4,\N,\N,\N,\N,\N,\N,\N,\N,\N,\N,\N,\N,\N,\N,\N,\N,\N,\N,\N,\N,\N,\N,\N,\N,0.6,0,0.4,0,0.4,-0.1,\N,\N,\N,\N,\N,\N,\N,\N,\N,\N,\N,\N,\N,\N,\N,\N,\N,\N,\N,\N,\N,\N,\N,\N,239.3,236.1,238.5,2,2.1,2.1,49.98,49.98,49.98,711,0.1,52559.6,4469,1,0,0,0,\N,\N,2025-08-03 05:10:39,0.02,711,-66,714,-1,2025-08-04 02:34:14,20250803
TP40KBT000B231023035,TP40KBT000B231023035,19.7,609.4,609.4,582,582,520.4,520.4,\N,\N,\N,\N,\N,\N,\N,\N,\N,\N,\N,\N,\N,\N,\N,\N,\N,\N,\N,\N,\N,\N,\N,\N,0.7,0,0.4,0,0.5,-0.1,\N,\N,\N,\N,\N,\N,\N,\N,\N,\N,\N,\N,\N,\N,\N,\N,\N,\N,\N,\N,\N,\N,\N,\N,239.4,236.8,238.8,2.1,2.2,2.2,49.96,49.96,49.96,928,0.1,52559.6,4469,1,0,0,0,\N,\N,2025-08-03 05:15:39,0.02,928,-6,928,-1,2025-08-04 02:34:14,20250803
TP40KBT000B231023035,TP40KBT000B231023035,20.3,595.2,595.2,612.1,612.1,582.5,582.5,\N,\N,\N,\N,\N,\N,\N,\N,\N,\N,\N,\N,\N,\N,\N,\N,\N,\N,\N,\N,\N,\N,\N,\N,0.8,0.2,0.5,0,0.6,-0.1,\N,\N,\N,\N,\N,\N,\N,\N,\N,\N,\N,\N,\N,\N,\N,\N,\N,\N,\N,\N,\N,\N,\N,\N,239.9,237.4,239.3,2.5,2.5,2.5,50.01,50.01,50.01,1190,0.2,52559.7,4469,1,0,0,0,\N,\N,2025-08-03 05:20:39,0.03,1190,-181,1203,-0.99,2025-08-04 02:34:14,20250803
TP40KBT000B231023035,TP40KBT000B231023035,20.6,604.4,604.4,620.1,620.1,626.5,626.5,\N,\N,\N,\N,\N,\N,\N,\N,\N,\N,\N,\N,\N,\N,\N,\N,\N,\N,\N,\N,\N,\N,\N,\N,0.9,0.3,0.6,0,0.6,-0.1,\N,\N,\N,\N,\N,\N,\N,\N,\N,\N,\N,\N,\N,\N,\N,\N,\N,\N,\N,\N,\N,\N,\N,\N,240.8,237.8,240.2,2.6,2.7,2.7,50.03,50.03,50.03,1495,0.3,52559.8,4469,1,0,0,0,\N,\N,2025-08-03 05:25:40,0.04,1495,29,1495,1,2025-08-04 02:34:14,20250803
TP40KBT000B231023035,TP40KBT000B231023035,21.2,615.1,615.1,616.1,616.1,610.5,610.5,\N,\N,\N,\N,\N,\N,\N,\N,\N,\N,\N,\N,\N,\N,\N,\N,\N,\N,\N,\N,\N,\N,\N,\N,1,0.5,0.8,0,0.8,-0.1,\N,\N,\N,\N,\N,\N,\N,\N,\N,\N,\N,\N,\N,\N,\N,\N,\N,\N,\N,\N,\N,\N,\N,\N,241.7,238.8,241.5,3.1,3.1,3.1,50.04,50.04,50.04,1877,0.5,52560,4469,1,0,0,0,\N,\N,2025-08-03 05:30:40,0.05,1877,9,1877,1,2025-08-04 02:34:14,20250803
TP40KBT000B231023035,TP40KBT000B231023035,21.9,619.1,619.1,612.8,612.8,618.5,618.5,\N,\N,\N,\N,\N,\N,\N,\N,\N,\N,\N,\N,\N,\N,\N,\N,\N,\N,\N,\N,\N,\N,\N,\N,1.2,0.6,0.9,0,1,-0.1,\N,\N,\N,\N,\N,\N,\N,\N,\N,\N,\N,\N,\N,\N,\N,\N,\N,\N,\N,\N,\N,\N,\N,\N,242.1,239.2,241.6,3.6,3.7,3.6,50.05,50.05,50.05,2282,0.7,52560.1,4470,1,0,0,0,\N,\N,2025-08-03 05:35:41,0.06,2282,-76,2284,-1,2025-08-04 02:34:14,20250803
TP40KBT000B231023035,TP40KBT000B231023035,22.5,615.1,615.1,610.2,610.2,612.7,612.7,\N,\N,\N,\N,\N,\N,\N,\N,\N,\N,\N,\N,\N,\N,\N,\N,\N,\N,\N,\N,\N,\N,\N,\N,1.4,0.9,1.1,0,1.2,-0.2,\N,\N,\N,\N,\N,\N,\N,\N,\N,\N,\N,\N,\N,\N,\N,\N,\N,\N,\N,\N,\N,\N,\N,\N,241.7,239.4,241.6,4.2,4.2,4.2,50.04,50.04,50.04,2747,0.9,52560.3,4470,1,0,0,0,\N,\N,2025-08-03 05:40:41,0.07,2747,16,2747,1,2025-08-04 02:34:14,20250803
TP40KBT000B231023035,TP40KBT000B231023035,22.8,617,617,621.8,621.8,616.2,616.2,\N,\N,\N,\N,\N,\N,\N,\N,\N,\N,\N,\N,\N,\N,\N,\N,\N,\N,\N,\N,\N,\N,\N,\N,1.6,1.1,1.3,0,1.4,-0.2,\N,\N,\N,\N,\N,\N,\N,\N,\N,\N,\N,\N,\N,\N,\N,\N,\N,\N,\N,\N,\N,\N,\N,\N,242.6,240.1,242.3,4.8,4.9,4.9,50,50,50,3261,1.1,52560.6,4470,1,0,0,0,\N,\N,2025-08-03 05:45:41,0.08,3261,-100,3262,-1,2025-08-04 02:34:14,20250803
TP40KBT000B231023035,TP40KBT000B231023035,23.4,615,615,617.8,617.8,620.2,620.2,\N,\N,\N,\N,\N,\N,\N,\N,\N,\N,\N,\N,\N,\N,\N,\N,\N,\N,\N,\N,\N,\N,\N,\N,1.8,1.3,1.6,0,1.6,-0.1,\N,\N,\N,\N,\N,\N,\N,\N,\N,\N,\N,\N,\N,\N,\N,\N,\N,\N,\N,\N,\N,\N,\N,\N,242.2,240,242.7,5.5,5.5,5.5,49.97,49.97,49.97,3809,1.3,52560.9,4470,1,0,0,0,\N,\N,2025-08-03 05:50:41,0.1,3809,13,3809,1,2025-08-04 02:34:14,20250803
TP40KBT000B231023035,TP40KBT000B231023035,24,624.8,624.8,631,631,623.2,623.2,\N,\N,\N,\N,\N,\N,\N,\N,\N,\N,\N,\N,\N,\N,\N,\N,\N,\N,\N,\N,\N,\N,\N,\N,2,1.5,1.8,0,1.8,-0.1,\N,\N,\N,\N,\N,\N,\N,\N,\N,\N,\N,\N,\N,\N,\N,\N,\N,\N,\N,\N,\N,\N,\N,\N,243.4,241.6,244.1,6.2,6.3,6.3,49.98,49.98,49.98,4423,1.7,52561.2,4470,1,0,0,0,\N,\N,2025-08-03 05:55:42,0.11,4423,136,4425,1,2025-08-04 02:34:14,20250803
TP40KBT000B231023035,TP40KBT000B231023035,24.6,621,621,627.1,627.1,627.5,627.5,\N,\N,\N,\N,\N,\N,\N,\N,\N,\N,\N,\N,\N,\N,\N,\N,\N,\N,\N,\N,\N,\N,\N,\N,2.3,1.7,2.1,0,2,-0.1,\N,\N,\N,\N,\N,\N,\N,\N,\N,\N,\N,\N,\N,\N,\N,\N,\N,\N,\N,\N,\N,\N,\N,\N,244.9,242.6,244.7,7.1,7.1,7.1,49.97,49.97,49.97,5026,2.1,52561.6,4470,1,0,0,0,\N,\N,2025-08-03 06:00:42,0.13,5026,-80,5026,-1,2025-08-04 02:34:14,20250803
TP40KBT000B231023035,TP40KBT000B231023035,25.1,616.9,616.9,619.7,619.7,623.9,623.9,\N,\N,\N,\N,\N,\N,\N,\N,\N,\N,\N,\N,\N,\N,\N,\N,\N,\N,\N,\N,\N,\N,\N,\N,2.5,2.1,2.4,0,2.4,-0.1,\N,\N,\N,\N,\N,\N,\N,\N,\N,\N,\N,\N,\N,\N,\N,\N,\N,\N,\N,\N,\N,\N,\N,\N,245.4,243.4,244.8,7.9,7.9,8,49.97,49.97,49.97,5681,2.5,52562.1,4470,1,0,0,0,\N,\N,2025-08-03 06:05:42,0.14,5681,-45,5681,-1,2025-08-04 02:34:14,20250803
TP40KBT000B231023035,TP40KBT000B231023035,25.4,626.8,626.8,627.1,627.1,625.5,625.5,\N,\N,\N,\N,\N,\N,\N,\N,\N,\N,\N,\N,\N,\N,\N,\N,\N,\N,\N,\N,\N,\N,\N,\N,2.8,2.3,2.5,0,2.6,-0.1,\N,\N,\N,\N,\N,\N,\N,\N,\N,\N,\N,\N,\N,\N,\N,\N,\N,\N,\N,\N,\N,\N,\N,\N,247.1,244.9,246.6,8.7,8.7,8.8,49.96,49.96,49.96,6323,3,52562.5,4470,1,0,0,0,\N,\N,2025-08-03 06:10:43,0.16,6323,17,6323,1,2025-08-04 02:34:14,20250803
TP40KBT000B231023035,TP40KBT000B231023035,26,621.9,621.9,625.7,625.7,622.2,622.2,\N,\N,\N,\N,\N,\N,\N,\N,\N,\N,\N,\N,\N,\N,\N,\N,\N,\N,\N,\N,\N,\N,\N,\N,3.1,2.6,2.8,0.1,2.9,-0.1,\N,\N,\N,\N,\N,\N,\N,\N,\N,\N,\N,\N,\N,\N,\N,\N,\N,\N,\N,\N,\N,\N,\N,\N,247.4,244.9,247.3,9.6,9.7,9.7,49.96,49.96,49.96,7047,3.6,52563.1,4470,1,0,0,0,\N,\N,2025-08-03 06:15:43,0.18,7047,89,7048,1,2025-08-04 02:34:14,20250803
TP40KBT000B231023035,TP40KBT000B231023035,26.6,621.8,621.8,627.5,627.5,620.1,620.1,\N,\N,\N,\N,\N,\N,\N,\N,\N,\N,\N,\N,\N,\N,\N,\N,\N,\N,\N,\N,\N,\N,\N,\N,3.4,2.9,3.1,0,3.2,-0.1,\N,\N,\N,\N,\N,\N,\N,\N,\N,\N,\N,\N,\N,\N,\N,\N,\N,\N,\N,\N,\N,\N,\N,\N,247.6,245.3,248.1,10.6,10.6,10.6,50,50,50,7751,4.2,52563.7,4470,1,0,0,0,\N,\N,2025-08-03 06:20:43,0.19,7751,-1,7751,-1,2025-08-04 02:34:14,20250803
TP40KBT000B231023035,TP40KBT000B231023035,27.4,622.9,622.9,625.7,625.7,618.4,618.4,\N,\N,\N,\N,\N,\N,\N,\N,\N,\N,\N,\N,\N,\N,\N,\N,\N,\N,\N,\N,\N,\N,\N,\N,3.7,3.3,3.5,0,3.5,-0.1,\N,\N,\N,\N,\N,\N,\N,\N,\N,\N,\N,\N,\N,\N,\N,\N,\N,\N,\N,\N,\N,\N,\N,\N,249.1,246.5,248.6,11.5,11.5,11.5,50.01,50.01,50.01,8470,4.9,52564.4,4470,1,0,0,0,\N,\N,2025-08-03 06:25:43,0.21,8470,-107,8471,-1,2025-08-04 02:34:14,20250803
TP40KBT000B231023035,TP40KBT000B231023035,28,623.8,623.8,619.6,619.6,616.1,616.1,\N,\N,\N,\N,\N,\N,\N,\N,\N,\N,\N,\N,\N,\N,\N,\N,\N,\N,\N,\N,\N,\N,\N,\N,4,3.6,3.8,0,3.8,-0.1,\N,\N,\N,\N,\N,\N,\N,\N,\N,\N,\N,\N,\N,\N,\N,\N,\N,\N,\N,\N,\N,\N,\N,\N,250,247.3,249.5,12.5,12.5,12.5,50.03,50.03,50.03,9246,5.6,52565.1,4470,1,0,0,0,\N,\N,2025-08-03 06:30:43,0.23,9246,-88,9246,-1,2025-08-04 02:34:14,20250803
TP40KBT000B231023035,TP40KBT000B231023035,28.6,622.7,622.7,623.6,623.6,616,616,\N,\N,\N,\N,\N,\N,\N,\N,\N,\N,\N,\N,\N,\N,\N,\N,\N,\N,\N,\N,\N,\N,\N,\N,4.2,3.9,4.1,0.1,4.2,-0.1,\N,\N,\N,\N,\N,\N,\N,\N,\N,\N,\N,\N,\N,\N,\N,\N,\N,\N,\N,\N,\N,\N,\N,\N,250.9,247.9,249.8,13.4,13.4,13.4,50.03,50.03,50.03,9950,6.4,52565.9,4471,1,0,0,0,\N,\N,2025-08-03 06:35:44,0.25,9950,40,9950,1,2025-08-04 02:34:14,20250803
TP40KBT000B231023035,TP40KBT000B231023035,29.1,620.7,620.7,617.6,617.6,614.9,614.9,\N,\N,\N,\N,\N,\N,\N,\N,\N,\N,\N,\N,\N,\N,\N,\N,\N,\N,\N,\N,\N,\N,\N,\N,4.6,4.2,4.4,0.1,4.5,-0.1,\N,\N,\N,\N,\N,\N,\N,\N,\N,\N,\N,\N,\N,\N,\N,\N,\N,\N,\N,\N,\N,\N,\N,\N,251.8,248,249.3,14.4,14.5,14.5,49.95,49.95,49.95,10754,7.3,52566.7,4471,1,0,0,0,\N,\N,2025-08-03 06:40:40,0.27,10754,-18,10754,-1,2025-08-04 02:34:14,20250803
TP40KBT000B231023035,TP40KBT000B231023035,29.7,620.7,620.7,619.6,619.6,613,613,\N,\N,\N,\N,\N,\N,\N,\N,\N,\N,\N,\N,\N,\N,\N,\N,\N,\N,\N,\N,\N,\N,\N,\N,4.9,4.6,4.7,0.1,4.8,-0.1,\N,\N,\N,\N,\N,\N,\N,\N,\N,\N,\N,\N,\N,\N,\N,\N,\N,\N,\N,\N,\N,\N,\N,\N,253.1,249.2,250.8,15.3,15.4,15.4,49.98,49.98,49.98,11483,8.2,52567.7,4471,1,0,0,0,\N,\N,2025-08-03 06:45:44,0.29,11483,-3,11483,-1,2025-08-04 02:34:14,20250803
TP40KBT000B231023035,TP40KBT000B231023035,31.5,617,617,618.5,618.5,612.9,612.9,\N,\N,\N,\N,\N,\N,\N,\N,\N,\N,\N,\N,\N,\N,\N,\N,\N,\N,\N,\N,\N,\N,\N,\N,5.2,5,5.1,0.1,5.1,-0.1,\N,\N,\N,\N,\N,\N,\N,\N,\N,\N,\N,\N,\N,\N,\N,\N,\N,\N,\N,\N,\N,\N,\N,\N,252.8,250,251.2,16.4,16.4,16.4,50.01,50.01,50.01,12299,9.1,52568.7,4471,1,0,0,0,\N,\N,2025-08-03 06:50:44,0.31,12299,113,12300,1,2025-08-04 02:34:14,20250803
TP40KBT000B231023035,TP40KBT000B231023035,31.6,616.8,616.8,621.4,621.4,616.9,616.9,\N,\N,\N,\N,\N,\N,\N,\N,\N,\N,\N,\N,\N,\N,\N,\N,\N,\N,\N,\N,\N,\N,\N,\N,5.6,5.3,5.3,0.1,5.4,0,\N,\N,\N,\N,\N,\N,\N,\N,\N,\N,\N,\N,\N,\N,\N,\N,\N,\N,\N,\N,\N,\N,\N,\N,254.2,251.6,251.3,17.2,17.3,17.3,49.99,49.99,49.99,13028,10.1,52569.7,4471,1,0,0,0,\N,\N,2025-08-03 06:55:45,0.33,13028,32,13028,1,2025-08-04 02:34:14,20250803
TP40KBT000B231023035,TP40KBT000B231023035,33.2,612.9,612.9,615.4,615.4,608.9,608.9,\N,\N,\N,\N,\N,\N,\N,\N,\N,\N,\N,\N,\N,\N,\N,\N,\N,\N,\N,\N,\N,\N,\N,\N,5.9,5.7,5.7,0,5.7,-0.1,\N,\N,\N,\N,\N,\N,\N,\N,\N,\N,\N,\N,\N,\N,\N,\N,\N,\N,\N,\N,\N,\N,\N,\N,255.4,254,254,18.1,18.1,18.2,50.03,50.03,50.03,13767,11.3,52570.8,4471,1,0,0,0,\N,\N,2025-08-03 07:00:45,0.34,13767,-3,13767,-1,2025-08-04 02:34:14,20250803
TP40KBT000B231023035,TP40KBT000B231023035,33.2,609,609,614.5,614.5,606.9,606.9,\N,\N,\N,\N,\N,\N,\N,\N,\N,\N,\N,\N,\N,\N,\N,\N,\N,\N,\N,\N,\N,\N,\N,\N,6.2,6.1,6,0,6.1,-0.1,\N,\N,\N,\N,\N,\N,\N,\N,\N,\N,\N,\N,\N,\N,\N,\N,\N,\N,\N,\N,\N,\N,\N,\N,255.8,254.4,254.4,18.9,19,19,49.96,49.96,49.96,14441,12.4,52572,4471,1,0,0,0,\N,\N,2025-08-03 07:05:45,0.36,14441,-5,14441,-1,2025-08-04 02:34:14,20250803
TP40KBT000B231023035,TP40KBT000B231023035,34.8,609.9,609.9,609.6,609.6,602,602,\N,\N,\N,\N,\N,\N,\N,\N,\N,\N,\N,\N,\N,\N,\N,\N,\N,\N,\N,\N,\N,\N,\N,\N,6.5,6.4,6.4,0,6.4,0,\N,\N,\N,\N,\N,\N,\N,\N,\N,\N,\N,\N,\N,\N,\N,\N,\N,\N,\N,\N,\N,\N,\N,\N,257.1,255.5,255.9,19.9,19.9,19.9,49.98,49.98,49.98,15220,13.7,52573.2,4471,1,0,0,0,\N,\N,2025-08-03 07:10:45,0.38,15220,-23,15221,-1,2025-08-04 02:34:14,20250803
TP40KBT000B231023035,TP40KBT000B231023035,35,604.9,604.9,605.6,605.6,598,598,\N,\N,\N,\N,\N,\N,\N,\N,\N,\N,\N,\N,\N,\N,\N,\N,\N,\N,\N,\N,\N,\N,\N,\N,6.8,6.7,6.7,0,6.7,-0.1,\N,\N,\N,\N,\N,\N,\N,\N,\N,\N,\N,\N,\N,\N,\N,\N,\N,\N,\N,\N,\N,\N,\N,\N,257.9,255.9,256.8,20.6,20.7,20.7,49.95,49.95,49.95,15871,15,52574.5,4471,1,0,0,0,\N,\N,2025-08-03 07:15:46,0.4,15871,91,15872,1,2025-08-04 02:34:14,20250803
TP40KBT000B231023035,TP40KBT000B231023035,36.1,602.9,602.9,601.5,601.5,594.1,594.1,\N,\N,\N,\N,\N,\N,\N,\N,\N,\N,\N,\N,\N,\N,\N,\N,\N,\N,\N,\N,\N,\N,\N,\N,7.1,7.1,7,0,7.1,0,\N,\N,\N,\N,\N,\N,\N,\N,\N,\N,\N,\N,\N,\N,\N,\N,\N,\N,\N,\N,\N,\N,\N,\N,258.7,257.3,257.8,21.4,21.4,21.4,49.95,49.95,49.95,16509,16.3,52575.9,4471,1,0,0,0,\N,\N,2025-08-03 07:20:46,0.41,16509,20,16509,1,2025-08-04 02:34:14,20250803
TP40KBT000B231023035,TP40KBT000B231023035,36.8,600.6,600.6,591.6,591.6,593,593,\N,\N,\N,\N,\N,\N,\N,\N,\N,\N,\N,\N,\N,\N,\N,\N,\N,\N,\N,\N,\N,\N,\N,\N,7.5,7.4,7.4,0,7.4,0,\N,\N,\N,\N,\N,\N,\N,\N,\N,\N,\N,\N,\N,\N,\N,\N,\N,\N,\N,\N,\N,\N,\N,\N,260.7,257.7,258.3,22.2,22.3,22.3,49.96,49.96,49.96,17253,17.7,52577.3,4471,1,0,0,0,\N,\N,2025-08-03 07:25:44,0.43,17253,110,17253,1,2025-08-04 02:34:14,20250803
TP40KBT000B231023035,TP40KBT000B231023035,37.4,595.8,595.8,597.6,597.6,595,595,\N,\N,\N,\N,\N,\N,\N,\N,\N,\N,\N,\N,\N,\N,\N,\N,\N,\N,\N,\N,\N,\N,\N,\N,7.8,7.9,7.6,0,7.7,-0.1,\N,\N,\N,\N,\N,\N,\N,\N,\N,\N,\N,\N,\N,\N,\N,\N,\N,\N,\N,\N,\N,\N,\N,\N,261.2,258.4,259.2,23,23.1,23.1,49.97,49.97,49.97,17924,19.2,52578.8,4471,1,0,0,0,\N,\N,2025-08-03 07:30:47,0.45,17924,0,17924,1,2025-08-04 02:34:14,20250803
TP40KBT000B231023035,TP40KBT000B231023035,38.1,593.7,593.7,595.6,595.6,591,591,\N,\N,\N,\N,\N,\N,\N,\N,\N,\N,\N,\N,\N,\N,\N,\N,\N,\N,\N,\N,\N,\N,\N,\N,8.1,8.2,8,0,8,-0.1,\N,\N,\N,\N,\N,\N,\N,\N,\N,\N,\N,\N,\N,\N,\N,\N,\N,\N,\N,\N,\N,\N,\N,\N,261,259.5,260,23.9,23.9,24,50.04,50.04,50.04,18633,20.7,52580.3,4472,1,0,0,0,\N,\N,2025-08-03 07:35:46,0.47,18633,-34,18633,-1,2025-08-04 02:34:14,20250803
TP40KBT000B231023035,TP40KBT000B231023035,38.9,594.6,594.6,590.5,590.5,596,596,\N,\N,\N,\N,\N,\N,\N,\N,\N,\N,\N,\N,\N,\N,\N,\N,\N,\N,\N,\N,\N,\N,\N,\N,8.4,8.4,8.3,0,8.2,-0.1,\N,\N,\N,\N,\N,\N,\N,\N,\N,\N,\N,\N,\N,\N,\N,\N,\N,\N,\N,\N,\N,\N,\N,\N,262.5,260.5,260.3,24.6,24.6,24.6,50.02,50.02,50.02,19227,22.3,52581.8,4472,1,0,0,0,\N,\N,2025-08-03 07:40:47,0.48,19227,102,19228,1,2025-08-04 02:34:14,20250803
TP40KBT000B231023035,TP40KBT000B231023035,38.9,586.9,586.9,594.4,594.4,592.9,592.9,\N,\N,\N,\N,\N,\N,\N,\N,\N,\N,\N,\N,\N,\N,\N,\N,\N,\N,\N,\N,\N,\N,\N,\N,8.8,8.8,8.5,0,8.5,-0.1,\N,\N,\N,\N,\N,\N,\N,\N,\N,\N,\N,\N,\N,\N,\N,\N,\N,\N,\N,\N,\N,\N,\N,\N,263.7,260.9,260.9,25.3,25.3,25.4,50.05,50.05,50.05,19848,23.9,52583.5,4472,1,0,0,0,\N,\N,2025-08-03 07:45:47,0.5,19848,-66,19849,-1,2025-08-04 02:34:14,20250803
TP40KBT000B231023035,TP40KBT000B231023035,39.6,607.2,607.2,595.7,595.7,602,602,\N,\N,\N,\N,\N,\N,\N,\N,\N,\N,\N,\N,\N,\N,\N,\N,\N,\N,\N,\N,\N,\N,\N,\N,6,6.2,6.3,0,6.3,-0.1,\N,\N,\N,\N,\N,\N,\N,\N,\N,\N,\N,\N,\N,\N,\N,\N,\N,\N,\N,\N,\N,\N,\N,\N,262.8,260.4,260.9,19.6,19.7,19.7,50.05,50.05,50.05,15358,25.5,52585.1,4472,1,0,0,0,\N,\N,2025-08-03 07:50:48,0.38,15358,-50,15358,-1,2025-08-04 02:34:14,20250803
TP40KBT000B231023035,TP40KBT000B231023035,40.1,584.9,584.9,595.4,595.4,591.8,591.8,\N,\N,\N,\N,\N,\N,\N,\N,\N,\N,\N,\N,\N,\N,\N,\N,\N,\N,\N,\N,\N,\N,\N,\N,9.4,9.5,9.1,0,9.1,-0.1,\N,\N,\N,\N,\N,\N,\N,\N,\N,\N,\N,\N,\N,\N,\N,\N,\N,\N,\N,\N,\N,\N,\N,\N,265.2,262.8,263.8,26.7,26.8,26.8,50,50,50,21159,27.1,52586.7,4472,1,0,0,0,\N,\N,2025-08-03 07:55:48,0.53,21159,44,21159,1,2025-08-04 02:34:14,20250803
TP40KBT000B231023035,TP40KBT000B231023035,40.6,583.9,583.9,587.5,587.5,589.9,589.9,\N,\N,\N,\N,\N,\N,\N,\N,\N,\N,\N,\N,\N,\N,\N,\N,\N,\N,\N,\N,\N,\N,\N,\N,9.6,9.8,9.5,0,9.4,-0.1,\N,\N,\N,\N,\N,\N,\N,\N,\N,\N,\N,\N,\N,\N,\N,\N,\N,\N,\N,\N,\N,\N,\N,\N,265.8,262.8,264,27.5,27.6,27.6,49.96,49.96,49.96,21786,28.9,52588.5,4472,1,0,0,0,\N,\N,2025-08-03 08:00:48,0.54,21786,-55,21786,-1,2025-08-04 02:34:14,20250803
TP40KBT000B231023035,TP40KBT000B231023035,41.1,576.9,576.9,591.7,591.7,588,588,\N,\N,\N,\N,\N,\N,\N,\N,\N,\N,\N,\N,\N,\N,\N,\N,\N,\N,\N,\N,\N,\N,\N,\N,10,10.2,9.6,0,9.7,-0.1,\N,\N,\N,\N,\N,\N,\N,\N,\N,\N,\N,\N,\N,\N,\N,\N,\N,\N,\N,\N,\N,\N,\N,\N,266.6,264.8,264.6,28.1,28.1,28.1,49.98,49.98,49.98,22322,30.7,52590.3,4472,1,0,0,0,\N,\N,2025-08-03 08:05:48,0.56,22322,98,22323,1,2025-08-04 02:34:14,20250803
TP40KBT000B231023035,TP40KBT000B231023035,41.6,582.9,582.9,587.6,587.6,588.1,588.1,\N,\N,\N,\N,\N,\N,\N,\N,\N,\N,\N,\N,\N,\N,\N,\N,\N,\N,\N,\N,\N,\N,\N,\N,10.2,10.4,10,0,10,-0.1,\N,\N,\N,\N,\N,\N,\N,\N,\N,\N,\N,\N,\N,\N,\N,\N,\N,\N,\N,\N,\N,\N,\N,\N,267.6,265.3,266.1,28.9,28.9,29,49.95,49.95,49.95,23092,32.6,52592.2,4472,1,0,0,0,\N,\N,2025-08-03 08:10:49,0.58,23092,39,23092,1,2025-08-04 02:34:14,20250803
TP40KBT000B231023035,TP40KBT000B231023035,42.1,582.9,582.9,589.7,589.7,591.9,591.9,\N,\N,\N,\N,\N,\N,\N,\N,\N,\N,\N,\N,\N,\N,\N,\N,\N,\N,\N,\N,\N,\N,\N,\N,10.5,10.8,10.3,0,10.3,-0.1,\N,\N,\N,\N,\N,\N,\N,\N,\N,\N,\N,\N,\N,\N,\N,\N,\N,\N,\N,\N,\N,\N,\N,\N,268.1,265.8,266.4,29.8,29.8,29.9,49.98,49.98,49.98,23843,34.5,52594.1,4472,1,0,0,0,\N,\N,2025-08-03 08:15:47,0.6,23843,-40,23843,-1,2025-08-04 02:34:14,20250803
TP40KBT000B231023035,TP40KBT000B231023035,42.4,587.7,587.7,590.5,590.5,588,588,\N,\N,\N,\N,\N,\N,\N,\N,\N,\N,\N,\N,\N,\N,\N,\N,\N,\N,\N,\N,\N,\N,\N,\N,11.1,11.3,10.9,0,10.9,-0.1,\N,\N,\N,\N,\N,\N,\N,\N,\N,\N,\N,\N,\N,\N,\N,\N,\N,\N,\N,\N,\N,\N,\N,\N,268.2,266.1,266.4,31.5,31.6,31.6,49.96,49.96,49.96,25221,36.5,52596,4472,1,0,0,0,\N,\N,2025-08-03 08:20:49,0.63,25221,-27,25221,-1,2025-08-04 02:34:14,20250803
TP40KBT000B231023035,TP40KBT000B231023035,42.9,587.7,587.7,585.6,585.6,587,587,\N,\N,\N,\N,\N,\N,\N,\N,\N,\N,\N,\N,\N,\N,\N,\N,\N,\N,\N,\N,\N,\N,\N,\N,11,11.2,10.9,0,10.9,-0.1,\N,\N,\N,\N,\N,\N,\N,\N,\N,\N,\N,\N,\N,\N,\N,\N,\N,\N,\N,\N,\N,\N,\N,\N,267.5,265.9,266.1,31.4,31.4,31.4,49.95,49.95,49.95,25080,38.5,52598.1,4472,1,0,0,0,\N,\N,2025-08-03 08:25:49,0.63,25080,-38,25080,-1,2025-08-04 02:34:14,20250803
TP40KBT000B231023035,TP40KBT000B231023035,43.4,586.6,586.6,584.5,584.5,586,586,\N,\N,\N,\N,\N,\N,\N,\N,\N,\N,\N,\N,\N,\N,\N,\N,\N,\N,\N,\N,\N,\N,\N,\N,11.2,11.5,11.2,0,11.1,-0.1,\N,\N,\N,\N,\N,\N,\N,\N,\N,\N,\N,\N,\N,\N,\N,\N,\N,\N,\N,\N,\N,\N,\N,\N,268.4,266.2,267.2,31.9,31.9,31.9,49.96,49.96,49.96,25559,40.6,52600.2,4472,1,0,0,0,\N,\N,2025-08-03 08:30:49,0.64,25559,32,25559,1,2025-08-04 02:34:14,20250803
TP40KBT000B231023035,TP40KBT000B231023035,44.1,595.6,595.6,598.6,598.6,596,596,\N,\N,\N,\N,\N,\N,\N,\N,\N,\N,\N,\N,\N,\N,\N,\N,\N,\N,\N,\N,\N,\N,\N,\N,11.6,11.7,11.4,0.1,11.4,0,\N,\N,\N,\N,\N,\N,\N,\N,\N,\N,\N,\N,\N,\N,\N,\N,\N,\N,\N,\N,\N,\N,\N,\N,265.9,264.1,265.2,33.6,33.6,33.6,49.99,49.99,49.99,26698,42.8,52602.3,4473,1,0,0,0,\N,\N,2025-08-03 08:35:50,0.67,26698,193,26699,1,2025-08-04 02:34:14,20250803
TP40KBT000B231023035,TP40KBT000B231023035,44.6,582.8,582.8,595.3,595.3,593.7,593.7,\N,\N,\N,\N,\N,\N,\N,\N,\N,\N,\N,\N,\N,\N,\N,\N,\N,\N,\N,\N,\N,\N,\N,\N,12.8,12.9,12.4,0,12.3,0,\N,\N,\N,\N,\N,\N,\N,\N,\N,\N,\N,\N,\N,\N,\N,\N,\N,\N,\N,\N,\N,\N,\N,\N,268,265.6,267.1,35.9,36,36,50.02,50.02,50.02,28766,45.1,52604.6,4473,1,0,0,0,\N,\N,2025-08-03 08:40:50,0.72,28766,-31,28766,-1,2025-08-04 02:34:14,20250803
TP40KBT000B231023035,TP40KBT000B231023035,45.1,590.9,590.9,593.8,593.8,595.9,595.9,\N,\N,\N,\N,\N,\N,\N,\N,\N,\N,\N,\N,\N,\N,\N,\N,\N,\N,\N,\N,\N,\N,\N,\N,12.3,11.2,12.6,0,11,-0.1,\N,\N,\N,\N,\N,\N,\N,\N,\N,\N,\N,\N,\N,\N,\N,\N,\N,\N,\N,\N,\N,\N,\N,\N,267.9,265.1,267.1,35.2,35.3,35.3,49.98,49.98,49.98,28183,47.4,52606.9,4473,1,0,0,0,\N,\N,2025-08-03 08:45:50,0.7,28183,-40,28183,-1,2025-08-04 02:34:14,20250803
TP40KBT000B231023035,TP40KBT000B231023035,45.8,586.5,586.5,587,587,587.5,587.5,\N,\N,\N,\N,\N,\N,\N,\N,\N,\N,\N,\N,\N,\N,\N,\N,\N,\N,\N,\N,\N,\N,\N,\N,12.8,13,12.5,0,12.4,0,\N,\N,\N,\N,\N,\N,\N,\N,\N,\N,\N,\N,\N,\N,\N,\N,\N,\N,\N,\N,\N,\N,\N,\N,268.4,265.9,267.2,35.2,35.3,35.3,49.97,49.97,49.97,28248,49.8,52609.3,4473,1,0,0,0,\N,\N,2025-08-03 08:50:50,0.71,28248,-23,28248,-1,2025-08-04 02:34:14,20250803
TP40KBT000B231023035,TP40KBT000B231023035,46.6,574.9,574.9,585.7,585.7,584.1,584.1,\N,\N,\N,\N,\N,\N,\N,\N,\N,\N,\N,\N,\N,\N,\N,\N,\N,\N,\N,\N,\N,\N,\N,\N,13.6,14,13.3,0,13.4,0,\N,\N,\N,\N,\N,\N,\N,\N,\N,\N,\N,\N,\N,\N,\N,\N,\N,\N,\N,\N,\N,\N,\N,\N,267.2,264.9,266,38.2,38.3,38.3,49.96,49.96,49.96,30540,52,52611.6,4473,1,0,0,0,\N,\N,2025-08-03 08:55:52,0.76,30540,-6,30540,-1,2025-08-04 02:34:14,20250803
TP40KBT000B231023035,TP40KBT000B231023035,47.3,575.5,575.5,581.6,581.6,583.7,583.7,\N,\N,\N,\N,\N,\N,\N,\N,\N,\N,\N,\N,\N,\N,\N,\N,\N,\N,\N,\N,\N,\N,\N,\N,13.8,14.1,13.5,0.1,13.1,0,\N,\N,\N,\N,\N,\N,\N,\N,\N,\N,\N,\N,\N,\N,\N,\N,\N,\N,\N,\N,\N,\N,\N,\N,268.1,266,267.6,37.9,38,38,50.04,50.04,50.04,30411,54.6,52614.2,4473,1,0,0,0,\N,\N,2025-08-03 09:00:51,0.76,30411,-47,30411,-1,2025-08-04 02:34:14,20250803
TP40KBT000B231023035,TP40KBT000B231023035,47.6,588.4,588.4,591.4,591.4,591.8,591.8,\N,\N,\N,\N,\N,\N,\N,\N,\N,\N,\N,\N,\N,\N,\N,\N,\N,\N,\N,\N,\N,\N,\N,\N,5.3,5.1,4.8,0,5,-0.1,\N,\N,\N,\N,\N,\N,\N,\N,\N,\N,\N,\N,\N,\N,\N,\N,\N,\N,\N,\N,\N,\N,\N,\N,264.6,262,264.2,14.1,14.2,14.2,50.03,50.03,50.03,11099,56.8,52616.4,4473,1,0,0,0,\N,\N,2025-08-03 09:05:53,0.28,11099,-7,11099,-1,2025-08-04 02:34:14,20250803
TP40KBT000B231023035,TP40KBT000B231023035,47.6,573,573,579.6,579.6,586.1,586.1,\N,\N,\N,\N,\N,\N,\N,\N,\N,\N,\N,\N,\N,\N,\N,\N,\N,\N,\N,\N,\N,\N,\N,\N,13.8,14.1,13.6,0,13.4,0,\N,\N,\N,\N,\N,\N,\N,\N,\N,\N,\N,\N,\N,\N,\N,\N,\N,\N,\N,\N,\N,\N,\N,\N,268.9,265.8,267.6,38.3,38.4,38.4,50.04,50.04,50.04,30742,59.2,52618.7,4473,1,0,0,0,\N,\N,2025-08-03 09:10:53,0.77,30742,46,30742,1,2025-08-04 02:34:14,20250803
TP40KBT000B231023035,TP40KBT000B231023035,48,610.3,610.3,609.7,609.7,592,592,\N,\N,\N,\N,\N,\N,\N,\N,\N,\N,\N,\N,\N,\N,\N,\N,\N,\N,\N,\N,\N,\N,\N,\N,13.3,13.5,13.4,0.1,14.2,0,\N,\N,\N,\N,\N,\N,\N,\N,\N,\N,\N,\N,\N,\N,\N,\N,\N,\N,\N,\N,\N,\N,\N,\N,269.6,266.9,267.9,39.7,39.8,39.8,50.03,50.03,50.03,31966,61.6,52621.2,4473,1,0,0,0,\N,\N,2025-08-03 09:15:54,0.8,31966,21,31966,1,2025-08-04 02:34:14,20250803
TP40KBT000B231023035,TP40KBT000B231023035,48.3,576.5,576.5,581.6,581.6,582,582,\N,\N,\N,\N,\N,\N,\N,\N,\N,\N,\N,\N,\N,\N,\N,\N,\N,\N,\N,\N,\N,\N,\N,\N,15.8,16.3,15.6,0.1,15.6,0,\N,\N,\N,\N,\N,\N,\N,\N,\N,\N,\N,\N,\N,\N,\N,\N,\N,\N,\N,\N,\N,\N,\N,\N,269.1,266.6,268.1,44.1,44.2,44.2,49.96,49.96,49.96,35512,64.1,52623.6,4473,1,0,0,0,\N,\N,2025-08-03 09:20:57,0.89,35512,25,35512,1,2025-08-04 02:34:14,20250803
TP40KBT000B231023035,TP40KBT000B231023035,48.8,578.5,578.5,572.6,572.6,579,579,\N,\N,\N,\N,\N,\N,\N,\N,\N,\N,\N,\N,\N,\N,\N,\N,\N,\N,\N,\N,\N,\N,\N,\N,14.9,15.3,15,0.1,14.8,0,\N,\N,\N,\N,\N,\N,\N,\N,\N,\N,\N,\N,\N,\N,\N,\N,\N,\N,\N,\N,\N,\N,\N,\N,267.7,265.1,266.8,41.9,42,42,49.95,49.95,49.95,33549,66.7,52626.2,4473,1,0,0,0,\N,\N,2025-08-03 09:25:54,0.84,33549,71,33549,1,2025-08-04 02:34:14,20250803
TP40KBT000B231023035,TP40KBT000B231023035,49.5,576.5,576.5,573.6,573.6,576.1,576.1,\N,\N,\N,\N,\N,\N,\N,\N,\N,\N,\N,\N,\N,\N,\N,\N,\N,\N,\N,\N,\N,\N,\N,\N,15.6,16,15.6,0.2,15.6,0,\N,\N,\N,\N,\N,\N,\N,\N,\N,\N,\N,\N,\N,\N,\N,\N,\N,\N,\N,\N,\N,\N,\N,\N,268.4,265.5,267,43.8,43.8,43.8,49.97,49.97,49.97,35054,69.5,52629.1,4473,1,0,0,0,\N,\N,2025-08-03 09:30:54,0.88,35054,-21,35054,-1,2025-08-04 02:34:14,20250803
TP40KBT000B231023035,TP40KBT000B231023035,50,569,569,574.4,574.4,579.7,579.7,\N,\N,\N,\N,\N,\N,\N,\N,\N,\N,\N,\N,\N,\N,\N,\N,\N,\N,\N,\N,\N,\N,\N,\N,14.8,15.3,14.6,0.1,14.5,0,\N,\N,\N,\N,\N,\N,\N,\N,\N,\N,\N,\N,\N,\N,\N,\N,\N,\N,\N,\N,\N,\N,\N,\N,269.6,265.7,268.1,40.9,41,41,49.97,49.97,49.97,32887,72.2,52631.7,4474,1,0,0,0,\N,\N,2025-08-03 09:35:54,0.82,32887,70,32887,1,2025-08-04 02:34:14,20250803
TP40KBT000B231023035,TP40KBT000B231023035,50,569,569,577.3,577.3,575.8,575.8,\N,\N,\N,\N,\N,\N,\N,\N,\N,\N,\N,\N,\N,\N,\N,\N,\N,\N,\N,\N,\N,\N,\N,\N,14.7,15.2,14.4,0.1,14.5,0,\N,\N,\N,\N,\N,\N,\N,\N,\N,\N,\N,\N,\N,\N,\N,\N,\N,\N,\N,\N,\N,\N,\N,\N,270.2,266,268.8,40.5,40.5,40.5,49.95,49.95,49.95,32605,74.9,52634.4,4474,1,0,0,0,\N,\N,2025-08-03 09:40:54,0.82,32605,-5,32605,-1,2025-08-04 02:34:14,20250803
TP40KBT000B231023035,TP40KBT000B231023035,50.2,563.1,563.1,570.4,570.4,573.8,573.8,\N,\N,\N,\N,\N,\N,\N,\N,\N,\N,\N,\N,\N,\N,\N,\N,\N,\N,\N,\N,\N,\N,\N,\N,14.9,15.5,14.7,0.1,14.6,0,\N,\N,\N,\N,\N,\N,\N,\N,\N,\N,\N,\N,\N,\N,\N,\N,\N,\N,\N,\N,\N,\N,\N,\N,270.4,266.5,269.1,40.7,40.7,40.7,49.98,49.98,49.98,32780,77.7,52637.2,4474,1,0,0,0,\N,\N,2025-08-03 09:45:56,0.82,32780,-46,32781,-1,2025-08-04 02:34:14,20250803
TP40KBT000B231023035,TP40KBT000B231023035,50,606,606,597.4,597.4,599.6,599.6,\N,\N,\N,\N,\N,\N,\N,\N,\N,\N,\N,\N,\N,\N,\N,\N,\N,\N,\N,\N,\N,\N,\N,\N,9.8,8.6,8.3,0,7.2,-0.1,\N,\N,\N,\N,\N,\N,\N,\N,\N,\N,\N,\N,\N,\N,\N,\N,\N,\N,\N,\N,\N,\N,\N,\N,268.4,264.7,267.7,24.7,24.8,24.8,49.97,49.97,49.97,19769,79.4,52639,4474,1,0,0,0,\N,\N,2025-08-03 09:50:55,0.49,19769,-22,19769,-1,2025-08-04 02:34:14,20250803
TP40KBT000B231023035,TP40KBT000B231023035,50.2,564.9,564.9,563.5,563.5,573.9,573.9,\N,\N,\N,\N,\N,\N,\N,\N,\N,\N,\N,\N,\N,\N,\N,\N,\N,\N,\N,\N,\N,\N,\N,\N,15.4,15.9,15.4,0.1,15.1,0,\N,\N,\N,\N,\N,\N,\N,\N,\N,\N,\N,\N,\N,\N,\N,\N,\N,\N,\N,\N,\N,\N,\N,\N,271.3,268,270.1,41.8,41.9,41.9,50.02,50.02,50.02,33854,82,52641.5,4474,1,0,0,0,\N,\N,2025-08-03 09:55:56,0.85,33854,-195,33855,-1,2025-08-04 02:34:14,20250803
TP40KBT000B231023035,TP40KBT000B231023035,50.7,585.1,585.1,581.7,581.7,579.9,579.9,\N,\N,\N,\N,\N,\N,\N,\N,\N,\N,\N,\N,\N,\N,\N,\N,\N,\N,\N,\N,\N,\N,\N,\N,15.1,15.6,15.2,0.1,15.4,0,\N,\N,\N,\N,\N,\N,\N,\N,\N,\N,\N,\N,\N,\N,\N,\N,\N,\N,\N,\N,\N,\N,\N,\N,271,267.6,270.2,42.6,42.7,42.6,49.98,49.98,49.98,34452,84.7,52644.3,4474,1,0,0,0,\N,\N,2025-08-03 10:00:56,0.86,34452,3,34452,1,2025-08-04 02:34:14,20250803
TP40KBT000B231023035,TP40KBT000B231023035,51.2,561.9,561.9,564.3,564.3,567.9,567.9,\N,\N,\N,\N,\N,\N,\N,\N,\N,\N,\N,\N,\N,\N,\N,\N,\N,\N,\N,\N,\N,\N,\N,\N,16,17.2,15,0.2,16.3,0,\N,\N,\N,\N,\N,\N,\N,\N,\N,\N,\N,\N,\N,\N,\N,\N,\N,\N,\N,\N,\N,\N,\N,\N,271.1,267.5,269.6,41.9,42,41.9,50.02,50.02,50.02,33850,87.6,52647.1,4474,1,0,0,0,\N,\N,2025-08-03 10:05:56,0.85,33850,26,33850,1,2025-08-04 02:34:14,20250803
TP40KBT000B231023035,TP40KBT000B231023035,51.2,597.6,597.6,600.6,600.6,582.8,582.8,\N,\N,\N,\N,\N,\N,\N,\N,\N,\N,\N,\N,\N,\N,\N,\N,\N,\N,\N,\N,\N,\N,\N,\N,6.7,7.8,6.2,0,7.4,-0.1,\N,\N,\N,\N,\N,\N,\N,\N,\N,\N,\N,\N,\N,\N,\N,\N,\N,\N,\N,\N,\N,\N,\N,\N,269.3,264.8,267.7,20.2,20.3,20.3,50.03,50.03,50.03,16171,89.3,52648.8,4474,1,0,0,0,\N,\N,2025-08-03 10:10:57,0.4,16171,-182,16172,-1,2025-08-04 02:34:14,20250803
TP40KBT000B231023035,TP40KBT000B231023035,51.5,561.7,561.7,559.6,559.6,562,562,\N,\N,\N,\N,\N,\N,\N,\N,\N,\N,\N,\N,\N,\N,\N,\N,\N,\N,\N,\N,\N,\N,\N,\N,16.3,16.9,16.3,0.2,16.2,0,\N,\N,\N,\N,\N,\N,\N,\N,\N,\N,\N,\N,\N,\N,\N,\N,\N,\N,\N,\N,\N,\N,\N,\N,271.3,268.3,269.4,44.1,44.1,44.1,49.95,49.95,49.95,35655,92.2,52651.8,4474,1,0,0,0,\N,\N,2025-08-03 10:15:56,0.89,35655,13,35655,1,2025-08-04 02:34:14,20250803
TP40KBT000B231023035,TP40KBT000B231023035,52.2,564.5,564.5,562.6,562.6,566,566,\N,\N,\N,\N,\N,\N,\N,\N,\N,\N,\N,\N,\N,\N,\N,\N,\N,\N,\N,\N,\N,\N,\N,\N,16.2,16.7,16.1,0.2,16.1,0,\N,\N,\N,\N,\N,\N,\N,\N,\N,\N,\N,\N,\N,\N,\N,\N,\N,\N,\N,\N,\N,\N,\N,\N,270.6,267.5,269.3,44,44.1,44,49.97,49.97,49.97,35536,95.2,52654.7,4474,1,0,0,0,\N,\N,2025-08-03 10:20:56,0.89,35536,-5,35537,-1,2025-08-04 02:34:14,20250803
TP40KBT000B231023035,TP40KBT000B231023035,52.9,562.8,562.8,559.3,559.3,569.7,569.7,\N,\N,\N,\N,\N,\N,\N,\N,\N,\N,\N,\N,\N,\N,\N,\N,\N,\N,\N,\N,\N,\N,\N,\N,16.3,16.9,16.4,0.2,16,0,\N,\N,\N,\N,\N,\N,\N,\N,\N,\N,\N,\N,\N,\N,\N,\N,\N,\N,\N,\N,\N,\N,\N,\N,271.8,268.6,270.7,44.1,44.2,44.1,50.04,50.04,50.04,35774,98.1,52657.7,4474,1,0,0,0,\N,\N,2025-08-03 10:25:57,0.89,35774,-11,35775,-1,2025-08-04 02:34:14,20250803
TP40KBT000B231023035,TP40KBT000B231023035,53.7,557.2,557.2,555.3,555.3,560.9,560.9,\N,\N,\N,\N,\N,\N,\N,\N,\N,\N,\N,\N,\N,\N,\N,\N,\N,\N,\N,\N,\N,\N,\N,\N,16.4,16.9,16.4,0.2,16.1,0,\N,\N,\N,\N,\N,\N,\N,\N,\N,\N,\N,\N,\N,\N,\N,\N,\N,\N,\N,\N,\N,\N,\N,\N,270.5,266.2,268.9,44,44.1,44,50.03,50.03,50.03,35461,101.1,52660.6,4474,1,0,0,0,\N,\N,2025-08-03 10:30:57,0.89,35461,48,35462,1,2025-08-04 02:34:14,20250803
TP40KBT000B231023035,TP40KBT000B231023035,54.2,557.1,557.1,558.4,558.4,563.8,563.8,\N,\N,\N,\N,\N,\N,\N,\N,\N,\N,\N,\N,\N,\N,\N,\N,\N,\N,\N,\N,\N,\N,\N,\N,16.2,16.8,16.1,0.2,15.9,0,\N,\N,\N,\N,\N,\N,\N,\N,\N,\N,\N,\N,\N,\N,\N,\N,\N,\N,\N,\N,\N,\N,\N,\N,269.7,265.6,268.4,43.8,43.8,43.8,50.02,50.02,50.02,35180,104,52663.5,4475,1,0,0,0,\N,\N,2025-08-03 10:35:59,0.88,35180,5,35180,1,2025-08-04 02:34:14,20250803
TP40KBT000B231023035,TP40KBT000B231023035,54.7,556.8,556.8,557.3,557.3,559.8,559.8,\N,\N,\N,\N,\N,\N,\N,\N,\N,\N,\N,\N,\N,\N,\N,\N,\N,\N,\N,\N,\N,\N,\N,\N,16.2,16.7,16.1,0.2,16,0,\N,\N,\N,\N,\N,\N,\N,\N,\N,\N,\N,\N,\N,\N,\N,\N,\N,\N,\N,\N,\N,\N,\N,\N,273,268.4,271.7,43.1,43.1,43.1,50.03,50.03,50.03,35024,106.9,52666.4,4475,1,0,0,0,\N,\N,2025-08-03 10:40:57,0.88,35024,11,35024,1,2025-08-04 02:34:14,20250803
TP40KBT000B231023035,TP40KBT000B231023035,54.9,559,559,559.6,559.6,564.2,564.2,\N,\N,\N,\N,\N,\N,\N,\N,\N,\N,\N,\N,\N,\N,\N,\N,\N,\N,\N,\N,\N,\N,\N,\N,17.1,17.6,17,0.2,16.8,0,\N,\N,\N,\N,\N,\N,\N,\N,\N,\N,\N,\N,\N,\N,\N,\N,\N,\N,\N,\N,\N,\N,\N,\N,271.2,266.5,270,45.9,46,45.9,50.02,50.02,50.02,37067,109.9,52669.4,4475,1,0,0,0,\N,\N,2025-08-03 10:45:58,0.93,37067,73,37067,1,2025-08-04 02:34:14,20250803
TP40KBT000B231023035,TP40KBT000B231023035,54.9,572,572,571.4,571.4,574.1,574.1,\N,\N,\N,\N,\N,\N,\N,\N,\N,\N,\N,\N,\N,\N,\N,\N,\N,\N,\N,\N,\N,\N,\N,\N,16,16.7,16.2,0.1,16.1,0,\N,\N,\N,\N,\N,\N,\N,\N,\N,\N,\N,\N,\N,\N,\N,\N,\N,\N,\N,\N,\N,\N,\N,\N,272.1,267.1,270.6,44.5,44.5,44.5,50.02,50.02,50.02,36014,112.6,52672.1,4475,1,0,0,0,\N,\N,2025-08-03 10:50:58,0.9,36014,19,36015,1,2025-08-04 02:34:14,20250803
TP40KBT000B231023035,TP40KBT000B231023035,55.1,559.9,559.9,561.5,561.5,563.9,563.9,\N,\N,\N,\N,\N,\N,\N,\N,\N,\N,\N,\N,\N,\N,\N,\N,\N,\N,\N,\N,\N,\N,\N,\N,16.3,16.9,16.2,0.1,16.1,0,\N,\N,\N,\N,\N,\N,\N,\N,\N,\N,\N,\N,\N,\N,\N,\N,\N,\N,\N,\N,\N,\N,\N,\N,271.7,268.7,270.9,43.8,43.9,43.9,50.03,50.03,50.03,35566,115.5,52675.1,4475,1,0,0,0,\N,\N,2025-08-03 10:55:59,0.89,35566,-4,35566,-1,2025-08-04 02:34:14,20250803
TP40KBT000B231023035,TP40KBT000B231023035,55.6,555.9,555.9,551.6,551.6,558,558,\N,\N,\N,\N,\N,\N,\N,\N,\N,\N,\N,\N,\N,\N,\N,\N,\N,\N,\N,\N,\N,\N,\N,\N,16.2,16.8,16.2,0.2,16.1,0,\N,\N,\N,\N,\N,\N,\N,\N,\N,\N,\N,\N,\N,\N,\N,\N,\N,\N,\N,\N,\N,\N,\N,\N,271.2,268.7,270.8,43.3,43.3,43.3,50.03,50.03,50.03,35062,118.5,52678,4475,1,0,0,0,\N,\N,2025-08-03 11:00:59,0.88,35062,-22,35062,-1,2025-08-04 02:34:14,20250803
TP40KBT000B231023035,TP40KBT000B231023035,55.9,564.8,564.8,561.6,561.6,566.1,566.1,\N,\N,\N,\N,\N,\N,\N,\N,\N,\N,\N,\N,\N,\N,\N,\N,\N,\N,\N,\N,\N,\N,\N,\N,16.3,16.7,16.4,0.1,16.2,0,\N,\N,\N,\N,\N,\N,\N,\N,\N,\N,\N,\N,\N,\N,\N,\N,\N,\N,\N,\N,\N,\N,\N,\N,272,269.8,271.2,44,44.1,44,49.99,49.99,49.99,35773,121.4,52681,4475,1,0,0,0,\N,\N,2025-08-03 11:05:59,0.89,35773,-105,35773,-1,2025-08-04 02:34:14,20250803
TP40KBT000B231023035,TP40KBT000B231023035,56.1,559.7,559.7,557.6,557.6,552,552,\N,\N,\N,\N,\N,\N,\N,\N,\N,\N,\N,\N,\N,\N,\N,\N,\N,\N,\N,\N,\N,\N,\N,\N,16.3,17,16.3,0.2,16.5,0,\N,\N,\N,\N,\N,\N,\N,\N,\N,\N,\N,\N,\N,\N,\N,\N,\N,\N,\N,\N,\N,\N,\N,\N,273.3,269.9,272.1,43.7,43.8,43.8,50,50,50,35621,124.4,52684,4475,1,0,0,0,\N,\N,2025-08-03 11:11:00,0.89,35621,116,35621,1,2025-08-04 02:34:14,20250803
TP40KBT000B231023035,TP40KBT000B231023035,56.6,554.5,554.5,552.6,552.6,549,549,\N,\N,\N,\N,\N,\N,\N,\N,\N,\N,\N,\N,\N,\N,\N,\N,\N,\N,\N,\N,\N,\N,\N,\N,16.6,17.2,16.5,0.2,16.6,0,\N,\N,\N,\N,\N,\N,\N,\N,\N,\N,\N,\N,\N,\N,\N,\N,\N,\N,\N,\N,\N,\N,\N,\N,270.2,268,270.4,44.2,44.2,44.2,50.02,50.02,50.02,35710,127.4,52686.9,4475,1,0,0,0,\N,\N,2025-08-03 11:16:00,0.89,35710,-13,35711,-1,2025-08-04 02:34:14,20250803
TP40KBT000B231023035,TP40KBT000B231023035,57.1,553.7,553.7,552.6,552.6,556,556,\N,\N,\N,\N,\N,\N,\N,\N,\N,\N,\N,\N,\N,\N,\N,\N,\N,\N,\N,\N,\N,\N,\N,\N,16.7,17.3,16.6,0.2,16.4,0,\N,\N,\N,\N,\N,\N,\N,\N,\N,\N,\N,\N,\N,\N,\N,\N,\N,\N,\N,\N,\N,\N,\N,\N,270,267.7,269.9,44.4,44.4,44.4,50.03,50.03,50.03,35850,130.4,52689.9,4475,1,0,0,0,\N,\N,2025-08-03 11:20:59,0.9,35850,35,35850,1,2025-08-04 02:34:14,20250803
TP40KBT000B231023035,TP40KBT000B231023035,57.1,559,559,562.5,562.5,567.8,567.8,\N,\N,\N,\N,\N,\N,\N,\N,\N,\N,\N,\N,\N,\N,\N,\N,\N,\N,\N,\N,\N,\N,\N,\N,16.8,17.4,16.6,0.2,16.4,0,\N,\N,\N,\N,\N,\N,\N,\N,\N,\N,\N,\N,\N,\N,\N,\N,\N,\N,\N,\N,\N,\N,\N,\N,271,268.5,270.5,45,45.1,45.1,50.02,50.02,50.02,36495,133.4,52692.9,4475,1,0,0,0,\N,\N,2025-08-03 11:26:00,0.91,36495,75,36495,1,2025-08-04 02:34:14,20250803
TP40KBT000B231023035,TP40KBT000B231023035,57.1,559,559,558.4,558.4,558.9,558.9,\N,\N,\N,\N,\N,\N,\N,\N,\N,\N,\N,\N,\N,\N,\N,\N,\N,\N,\N,\N,\N,\N,\N,\N,16.7,17.3,16.6,0.2,16.5,0,\N,\N,\N,\N,\N,\N,\N,\N,\N,\N,\N,\N,\N,\N,\N,\N,\N,\N,\N,\N,\N,\N,\N,\N,272.7,270.1,272.7,44.4,44.4,44.4,50.05,50.05,50.05,36180,136.4,52696,4475,1,0,0,0,\N,\N,2025-08-03 11:31:01,0.9,36180,104,36180,1,2025-08-04 02:34:14,20250803
TP40KBT000B231023035,TP40KBT000B231023035,57.6,555.8,555.8,557.3,557.3,559.7,559.7,\N,\N,\N,\N,\N,\N,\N,\N,\N,\N,\N,\N,\N,\N,\N,\N,\N,\N,\N,\N,\N,\N,\N,\N,16.6,17.2,16.5,0.3,16.4,0,\N,\N,\N,\N,\N,\N,\N,\N,\N,\N,\N,\N,\N,\N,\N,\N,\N,\N,\N,\N,\N,\N,\N,\N,271.8,269.2,271.3,44.2,44.2,44.2,50.01,50.01,50.01,35888,139.4,52698.9,4476,1,0,0,0,\N,\N,2025-08-03 11:36:01,0.9,35888,128,35888,1,2025-08-04 02:34:14,20250803
TP40KBT000B231023035,TP40KBT000B231023035,57.9,568.2,568.2,565.6,565.6,564,564,\N,\N,\N,\N,\N,\N,\N,\N,\N,\N,\N,\N,\N,\N,\N,\N,\N,\N,\N,\N,\N,\N,\N,\N,17.2,17.8,17.4,0.2,17.3,0,\N,\N,\N,\N,\N,\N,\N,\N,\N,\N,\N,\N,\N,\N,\N,\N,\N,\N,\N,\N,\N,\N,\N,\N,272.3,270,271.9,46.8,46.9,46.9,50.02,50.02,50.02,38130,142.4,52701.9,4476,1,0,0,0,\N,\N,2025-08-03 11:41:01,0.95,38130,-9,38130,-1,2025-08-04 02:34:14,20250803
TP40KBT000B231023035,TP40KBT000B231023035,57.6,556.1,556.1,559.6,559.6,558.1,558.1,\N,\N,\N,\N,\N,\N,\N,\N,\N,\N,\N,\N,\N,\N,\N,\N,\N,\N,\N,\N,\N,\N,\N,\N,17,17.7,16.8,0.2,16.8,0,\N,\N,\N,\N,\N,\N,\N,\N,\N,\N,\N,\N,\N,\N,\N,\N,\N,\N,\N,\N,\N,\N,\N,\N,271.2,268.8,270.5,45.4,45.5,45.5,50.03,50.03,50.03,36813,145,52704.5,4476,1,0,0,0,\N,\N,2025-08-03 11:46:01,0.92,36813,-98,36813,-1,2025-08-04 02:34:14,20250803
TP40KBT000B231023035,TP40KBT000B231023035,57.9,562.8,562.8,557.8,557.8,561.9,561.9,\N,\N,\N,\N,\N,\N,\N,\N,\N,\N,\N,\N,\N,\N,\N,\N,\N,\N,\N,\N,\N,\N,\N,\N,17.1,17.9,17.3,0.3,17.1,0,\N,\N,\N,\N,\N,\N,\N,\N,\N,\N,\N,\N,\N,\N,\N,\N,\N,\N,\N,\N,\N,\N,\N,\N,272.1,269.7,271.4,46.2,46.3,46.3,50.06,50.06,50.06,37579,148.1,52707.5,4476,1,0,0,0,\N,\N,2025-08-03 11:51:02,0.94,37579,-7,37579,-1,2025-08-04 02:34:14,20250803
TP40KBT000B231023035,TP40KBT000B231023035,58.1,555.9,555.9,539.7,539.7,534.4,534.4,\N,\N,\N,\N,\N,\N,\N,\N,\N,\N,\N,\N,\N,\N,\N,\N,\N,\N,\N,\N,\N,\N,\N,\N,3.5,3.4,3.4,0,3.6,-0.1,\N,\N,\N,\N,\N,\N,\N,\N,\N,\N,\N,\N,\N,\N,\N,\N,\N,\N,\N,\N,\N,\N,\N,\N,267.3,264.2,266.9,9.2,9.3,9.3,49.95,49.95,49.95,7244,150.8,52710.3,4476,1,0,0,0,\N,\N,2025-08-03 11:56:02,0.18,7244,-20,7244,-1,2025-08-04 02:34:14,20250803
TP40KBT000B231023035,TP40KBT000B231023035,55.9,587.3,587.3,588.6,588.6,583,583,\N,\N,\N,\N,\N,\N,\N,\N,\N,\N,\N,\N,\N,\N,\N,\N,\N,\N,\N,\N,\N,\N,\N,\N,18,18.6,17.8,0.2,18.1,0,\N,\N,\N,\N,\N,\N,\N,\N,\N,\N,\N,\N,\N,\N,\N,\N,\N,\N,\N,\N,\N,\N,\N,\N,271.3,268.3,270.1,50.9,50.9,50.9,50.03,50.03,50.03,41175,151.7,52711.2,4476,1,0,0,0,\N,\N,2025-08-03 12:01:02,1.03,41175,30,41175,1,2025-08-04 02:34:14,20250803
TP40KBT000B231023035,TP40KBT000B231023035,55.4,564.4,564.4,558.6,558.6,560,560,\N,\N,\N,\N,\N,\N,\N,\N,\N,\N,\N,\N,\N,\N,\N,\N,\N,\N,\N,\N,\N,\N,\N,\N,17,17.5,17.1,0.2,17,0,\N,\N,\N,\N,\N,\N,\N,\N,\N,\N,\N,\N,\N,\N,\N,\N,\N,\N,\N,\N,\N,\N,\N,\N,272.2,269,271.6,45.8,45.9,45.9,49.98,49.98,49.98,37244,154.9,52714.4,4476,1,0,0,0,\N,\N,2025-08-03 12:06:00,0.93,37244,-3,37244,-1,2025-08-04 02:34:14,20250803
TP40KBT000B231023035,TP40KBT000B231023035,56.1,553.8,553.8,551.6,551.6,551,551,\N,\N,\N,\N,\N,\N,\N,\N,\N,\N,\N,\N,\N,\N,\N,\N,\N,\N,\N,\N,\N,\N,\N,\N,16.8,17.4,16.8,0.2,16.8,0,\N,\N,\N,\N,\N,\N,\N,\N,\N,\N,\N,\N,\N,\N,\N,\N,\N,\N,\N,\N,\N,\N,\N,\N,272.3,269.1,271.1,44.6,44.7,44.6,49.99,49.99,49.99,36238,158,52717.5,4476,1,0,0,0,\N,\N,2025-08-03 12:11:03,0.91,36238,-93,36238,-1,2025-08-04 02:34:14,20250803
TP40KBT000B231023035,TP40KBT000B231023035,56.9,552.8,552.8,545.3,545.3,551.7,551.7,\N,\N,\N,\N,\N,\N,\N,\N,\N,\N,\N,\N,\N,\N,\N,\N,\N,\N,\N,\N,\N,\N,\N,\N,16.9,17.6,17,0.2,16.9,-0.1,\N,\N,\N,\N,\N,\N,\N,\N,\N,\N,\N,\N,\N,\N,\N,\N,\N,\N,\N,\N,\N,\N,\N,\N,271.4,268.6,270.4,44.9,44.9,44.9,49.98,49.98,49.98,36351,161,52720.5,4476,1,0,0,0,\N,\N,2025-08-03 12:16:03,0.91,36351,-55,36351,-1,2025-08-04 02:34:14,20250803
TP40KBT000B231023035,TP40KBT000B231023035,57.6,565.1,565.1,552.4,552.4,555.7,555.7,\N,\N,\N,\N,\N,\N,\N,\N,\N,\N,\N,\N,\N,\N,\N,\N,\N,\N,\N,\N,\N,\N,\N,\N,16.8,17.5,17.2,0.2,17.1,0,\N,\N,\N,\N,\N,\N,\N,\N,\N,\N,\N,\N,\N,\N,\N,\N,\N,\N,\N,\N,\N,\N,\N,\N,271.7,269.2,271.3,45.7,45.8,45.8,50.04,50.04,50.04,37133,163.6,52723.1,4476,1,0,0,0,\N,\N,2025-08-03 12:21:03,0.93,37133,-17,37133,-1,2025-08-04 02:34:14,20250803
TP40KBT000B231023035,TP40KBT000B231023035,57.9,559.4,559.4,549.3,549.3,555.7,555.7,\N,\N,\N,\N,\N,\N,\N,\N,\N,\N,\N,\N,\N,\N,\N,\N,\N,\N,\N,\N,\N,\N,\N,\N,16.8,17.5,17,0.3,16.9,0,\N,\N,\N,\N,\N,\N,\N,\N,\N,\N,\N,\N,\N,\N,\N,\N,\N,\N,\N,\N,\N,\N,\N,\N,271.2,268.4,270,45.2,45.3,45.3,50,50,50,36625,166.6,52726.1,4476,1,0,0,0,\N,\N,2025-08-03 12:26:03,0.92,36625,-83,36625,-1,2025-08-04 02:34:14,20250803
TP40KBT000B231023035,TP40KBT000B231023035,58.1,555.8,555.8,551.3,551.3,555.7,555.7,\N,\N,\N,\N,\N,\N,\N,\N,\N,\N,\N,\N,\N,\N,\N,\N,\N,\N,\N,\N,\N,\N,\N,\N,16.8,17.5,16.8,0.3,16.7,0,\N,\N,\N,\N,\N,\N,\N,\N,\N,\N,\N,\N,\N,\N,\N,\N,\N,\N,\N,\N,\N,\N,\N,\N,272.5,269.9,271.4,44.6,44.6,44.6,49.98,49.98,49.98,36280,169.6,52729.1,4476,1,0,0,0,\N,\N,2025-08-03 12:31:04,0.91,36280,10,36280,1,2025-08-04 02:34:14,20250803
TP40KBT000B231023035,TP40KBT000B231023035,58.6,563.1,563.1,547.6,547.6,550.1,550.1,\N,\N,\N,\N,\N,\N,\N,\N,\N,\N,\N,\N,\N,\N,\N,\N,\N,\N,\N,\N,\N,\N,\N,\N,17.1,17.8,17.7,0.3,17.6,-0.1,\N,\N,\N,\N,\N,\N,\N,\N,\N,\N,\N,\N,\N,\N,\N,\N,\N,\N,\N,\N,\N,\N,\N,\N,272.7,270.3,271.6,46.3,46.3,46.3,49.96,49.96,49.96,37693,172.7,52732.1,4477,1,0,0,0,\N,\N,2025-08-03 12:36:04,0.94,37693,33,37693,1,2025-08-04 02:34:14,20250803
TP40KBT000B231023035,TP40KBT000B231023035,58.6,561.4,561.4,555.7,555.7,558,558,\N,\N,\N,\N,\N,\N,\N,\N,\N,\N,\N,\N,\N,\N,\N,\N,\N,\N,\N,\N,\N,\N,\N,\N,17.1,17.7,17.2,0.3,17.1,0,\N,\N,\N,\N,\N,\N,\N,\N,\N,\N,\N,\N,\N,\N,\N,\N,\N,\N,\N,\N,\N,\N,\N,\N,270.1,267.5,269.4,46.3,46.4,46.3,49.96,49.96,49.96,37397,175.7,52735,4477,1,0,0,0,\N,\N,2025-08-03 12:41:04,0.93,37397,47,37397,1,2025-08-04 02:34:14,20250803
TP40KBT000B231023035,TP40KBT000B231023035,59.1,561.4,561.4,549.5,549.5,549.9,549.9,\N,\N,\N,\N,\N,\N,\N,\N,\N,\N,\N,\N,\N,\N,\N,\N,\N,\N,\N,\N,\N,\N,\N,\N,16.7,17.4,17.1,0.3,17.1,0,\N,\N,\N,\N,\N,\N,\N,\N,\N,\N,\N,\N,\N,\N,\N,\N,\N,\N,\N,\N,\N,\N,\N,\N,272,269.8,271.3,45.1,45.1,45.1,49.98,49.98,49.98,36653,178.7,52738.1,4477,1,0,0,0,\N,\N,2025-08-03 12:46:02,0.92,36653,134,36653,1,2025-08-04 02:34:14,20250803
TP40KBT000B231023035,TP40KBT000B231023035,59.1,562.2,562.2,551.6,551.6,554,554,\N,\N,\N,\N,\N,\N,\N,\N,\N,\N,\N,\N,\N,\N,\N,\N,\N,\N,\N,\N,\N,\N,\N,\N,17.3,17.9,17.5,0.4,17.5,0,\N,\N,\N,\N,\N,\N,\N,\N,\N,\N,\N,\N,\N,\N,\N,\N,\N,\N,\N,\N,\N,\N,\N,\N,270.9,267.9,270,46.8,46.8,46.8,50.04,50.04,50.04,37823,185,52744.4,4477,1,0,0,0,\N,\N,2025-08-03 12:51:12,0.95,37823,32,37824,1,2025-08-04 02:34:14,20250803
TP40KBT000B231023035,TP40KBT000B231023035,59.1,562.2,562.2,551.6,551.6,554,554,\N,\N,\N,\N,\N,\N,\N,\N,\N,\N,\N,\N,\N,\N,\N,\N,\N,\N,\N,\N,\N,\N,\N,\N,17.3,17.9,17.5,0.4,17.5,0,\N,\N,\N,\N,\N,\N,\N,\N,\N,\N,\N,\N,\N,\N,\N,\N,\N,\N,\N,\N,\N,\N,\N,\N,270.9,267.9,270,46.8,46.8,46.8,50.04,50.04,50.04,37823,185,52744.4,4477,1,0,0,0,\N,\N,2025-08-03 12:56:09,0.95,37823,32,37824,1,2025-08-04 02:34:14,20250803
TP40KBT000B231023035,TP40KBT000B231023035,59.4,552.8,552.8,546.5,546.5,554,554,\N,\N,\N,\N,\N,\N,\N,\N,\N,\N,\N,\N,\N,\N,\N,\N,\N,\N,\N,\N,\N,\N,\N,\N,16.9,17.6,16.9,0.3,16.8,0,\N,\N,\N,\N,\N,\N,\N,\N,\N,\N,\N,\N,\N,\N,\N,\N,\N,\N,\N,\N,\N,\N,\N,\N,270,266.6,268.9,45,45.1,45,49.96,49.96,49.96,36277,188.1,52747.5,4477,1,0,0,0,\N,\N,2025-08-03 13:01:06,0.91,36277,-3,36277,-1,2025-08-04 02:34:14,20250803
TP40KBT000B231023035,TP40KBT000B231023035,59.4,549.8,549.8,549.6,549.6,551,551,\N,\N,\N,\N,\N,\N,\N,\N,\N,\N,\N,\N,\N,\N,\N,\N,\N,\N,\N,\N,\N,\N,\N,\N,16.9,17.6,16.8,0.3,16.8,0,\N,\N,\N,\N,\N,\N,\N,\N,\N,\N,\N,\N,\N,\N,\N,\N,\N,\N,\N,\N,\N,\N,\N,\N,270.3,267.1,269.4,44.9,44.9,44.9,50.02,50.02,50.02,36196,191.1,52750.5,4477,1,0,0,0,\N,\N,2025-08-03 13:06:06,0.9,36196,-182,36196,-1,2025-08-04 02:34:14,20250803
TP40KBT000B231023035,TP40KBT000B231023035,60.1,558.3,558.3,544.4,544.4,551.7,551.7,\N,\N,\N,\N,\N,\N,\N,\N,\N,\N,\N,\N,\N,\N,\N,\N,\N,\N,\N,\N,\N,\N,\N,\N,16.9,17.7,17.4,0.4,17.2,0,\N,\N,\N,\N,\N,\N,\N,\N,\N,\N,\N,\N,\N,\N,\N,\N,\N,\N,\N,\N,\N,\N,\N,\N,270.5,268.1,270.3,45.5,45.6,45.6,50.02,50.02,50.02,36838,194.2,52753.6,4477,1,0,0,0,\N,\N,2025-08-03 13:11:06,0.92,36838,-84,36838,-1,2025-08-04 02:34:14,20250803
TP40KBT000B231023035,TP40KBT000B231023035,60.1,575.4,575.4,570.7,570.7,562.8,562.8,\N,\N,\N,\N,\N,\N,\N,\N,\N,\N,\N,\N,\N,\N,\N,\N,\N,\N,\N,\N,\N,\N,\N,\N,13.2,15.6,12.9,0.2,15.4,0,\N,\N,\N,\N,\N,\N,\N,\N,\N,\N,\N,\N,\N,\N,\N,\N,\N,\N,\N,\N,\N,\N,\N,\N,268.2,265.4,267.9,39.4,39.5,39.5,50.02,50.02,50.02,31583,196.9,52756.3,4477,1,0,0,0,\N,\N,2025-08-03 13:16:05,0.79,31583,114,31583,1,2025-08-04 02:34:14,20250803
TP40KBT000B231023035,TP40KBT000B231023035,57.9,582.4,582.4,594,594,568.5,568.5,\N,\N,\N,\N,\N,\N,\N,\N,\N,\N,\N,\N,\N,\N,\N,\N,\N,\N,\N,\N,\N,\N,\N,\N,10.8,8.2,8.5,0,6.8,-0.1,\N,\N,\N,\N,\N,\N,\N,\N,\N,\N,\N,\N,\N,\N,\N,\N,\N,\N,\N,\N,\N,\N,\N,\N,264.4,261,264.5,26.4,26.5,26.5,49.94,49.94,49.94,20861,197.8,52757.2,4477,1,0,0,0,\N,\N,2025-08-03 13:21:07,0.52,20861,78,20861,1,2025-08-04 02:34:14,20250803
TP40KBT000B231023035,TP40KBT000B231023035,55.6,566.5,566.5,573.3,573.3,572.8,572.8,\N,\N,\N,\N,\N,\N,\N,\N,\N,\N,\N,\N,\N,\N,\N,\N,\N,\N,\N,\N,\N,\N,\N,\N,16.6,17,16.3,0.2,16.2,-0.1,\N,\N,\N,\N,\N,\N,\N,\N,\N,\N,\N,\N,\N,\N,\N,\N,\N,\N,\N,\N,\N,\N,\N,\N,273.4,270.4,272.5,44.7,44.7,44.7,50.04,50.04,50.04,36417,200.2,52759.6,4477,1,0,0,0,\N,\N,2025-08-03 13:26:07,0.91,36417,-193,36417,-1,2025-08-04 02:34:14,20250803
TP40KBT000B231023035,TP40KBT000B231023035,55.9,555.1,555.1,551.7,551.7,552,552,\N,\N,\N,\N,\N,\N,\N,\N,\N,\N,\N,\N,\N,\N,\N,\N,\N,\N,\N,\N,\N,\N,\N,\N,16.3,16.7,16.2,0.2,16.2,0,\N,\N,\N,\N,\N,\N,\N,\N,\N,\N,\N,\N,\N,\N,\N,\N,\N,\N,\N,\N,\N,\N,\N,\N,270.7,267.2,270,43.4,43.4,43.4,50.06,50.06,50.06,35030,203.2,52762.6,4478,1,0,0,0,\N,\N,2025-08-03 13:31:07,0.88,35030,34,35031,1,2025-08-04 02:34:14,20250803
TP40KBT000B231023035,TP40KBT000B231023035,56.9,551.2,551.2,545.7,545.7,548.1,548.1,\N,\N,\N,\N,\N,\N,\N,\N,\N,\N,\N,\N,\N,\N,\N,\N,\N,\N,\N,\N,\N,\N,\N,\N,16.7,17.3,16.7,0.2,16.6,0,\N,\N,\N,\N,\N,\N,\N,\N,\N,\N,\N,\N,\N,\N,\N,\N,\N,\N,\N,\N,\N,\N,\N,\N,268.7,266.2,268.4,44.4,44.4,44.4,49.98,49.98,49.98,35667,206.1,52765.5,4478,1,0,0,0,\N,\N,2025-08-03 13:36:07,0.89,35667,28,35667,1,2025-08-04 02:34:14,20250803
TP40KBT000B231023035,TP40KBT000B231023035,57.6,568.5,568.5,553.7,553.7,542,542,\N,\N,\N,\N,\N,\N,\N,\N,\N,\N,\N,\N,\N,\N,\N,\N,\N,\N,\N,\N,\N,\N,\N,\N,4.1,4.3,4.1,0,4.8,-0.1,\N,\N,\N,\N,\N,\N,\N,\N,\N,\N,\N,\N,\N,\N,\N,\N,\N,\N,\N,\N,\N,\N,\N,\N,262.5,259.3,262.8,11.9,12,12,50.03,50.03,50.03,9245,208.5,52767.8,4478,1,0,0,0,\N,\N,2025-08-03 13:41:08,0.23,9245,-190,9247,-1,2025-08-04 02:34:14,20250803
TP40KBT000B231023035,TP40KBT000B231023035,55.9,560.7,560.7,569.5,569.5,549.9,549.9,\N,\N,\N,\N,\N,\N,\N,\N,\N,\N,\N,\N,\N,\N,\N,\N,\N,\N,\N,\N,\N,\N,\N,\N,3.2,2.9,2.9,0,3.1,-0.1,\N,\N,\N,\N,\N,\N,\N,\N,\N,\N,\N,\N,\N,\N,\N,\N,\N,\N,\N,\N,\N,\N,\N,\N,262,258.4,262.5,8.6,8.6,8.6,49.98,49.98,49.98,6568,209.2,52768.6,4478,1,0,0,0,\N,\N,2025-08-03 13:46:08,0.16,6568,-17,6568,-1,2025-08-04 02:34:14,20250803
TP40KBT000B231023035,TP40KBT000B231023035,53.7,568.9,568.9,567.6,567.6,568,568,\N,\N,\N,\N,\N,\N,\N,\N,\N,\N,\N,\N,\N,\N,\N,\N,\N,\N,\N,\N,\N,\N,\N,\N,16.3,16.8,16.2,0.2,16.2,0,\N,\N,\N,\N,\N,\N,\N,\N,\N,\N,\N,\N,\N,\N,\N,\N,\N,\N,\N,\N,\N,\N,\N,\N,267,263.9,266.3,45.2,45.3,45.3,49.99,49.99,49.99,36062,211.2,52770.6,4478,1,0,0,0,\N,\N,2025-08-03 13:51:09,0.9,36062,-84,36063,-1,2025-08-04 02:34:14,20250803
TP40KBT000B231023035,TP40KBT000B231023035,53.2,591.5,591.5,600,600,589.1,589.1,\N,\N,\N,\N,\N,\N,\N,\N,\N,\N,\N,\N,\N,\N,\N,\N,\N,\N,\N,\N,\N,\N,\N,\N,10.5,9.5,13.4,0.2,13,0,\N,\N,\N,\N,\N,\N,\N,\N,\N,\N,\N,\N,\N,\N,\N,\N,\N,\N,\N,\N,\N,\N,\N,\N,265.3,262.3,264.7,34.7,34.8,34.8,50.03,50.03,50.03,27504,212.7,52772.1,4478,1,0,0,0,\N,\N,2025-08-03 13:56:12,0.69,27504,24,27504,1,2025-08-04 02:34:14,20250803
TP40KBT000B231023035,TP40KBT000B231023035,51.6,569,569,581.1,581.1,571.7,571.7,\N,\N,\N,\N,\N,\N,\N,\N,\N,\N,\N,\N,\N,\N,\N,\N,\N,\N,\N,\N,\N,\N,\N,\N,16.6,17,16.1,0.1,16.4,0,\N,\N,\N,\N,\N,\N,\N,\N,\N,\N,\N,\N,\N,\N,\N,\N,\N,\N,\N,\N,\N,\N,\N,\N,263.7,261.5,263.2,46.5,46.5,46.5,49.99,49.99,49.99,36669,214.2,52773.6,4478,1,0,0,0,\N,\N,2025-08-03 14:01:10,0.92,36669,0,36669,1,2025-08-04 02:34:14,20250803
TP40KBT000B231023035,TP40KBT000B231023035,52.4,553,553,555.3,555.3,559.7,559.7,\N,\N,\N,\N,\N,\N,\N,\N,\N,\N,\N,\N,\N,\N,\N,\N,\N,\N,\N,\N,\N,\N,\N,\N,16.5,17.1,16.3,0.3,16.1,-0.1,\N,\N,\N,\N,\N,\N,\N,\N,\N,\N,\N,\N,\N,\N,\N,\N,\N,\N,\N,\N,\N,\N,\N,\N,270.4,267.6,269.9,43.8,43.8,43.8,50.04,50.04,50.04,35383,217.1,52776.5,4478,1,0,0,0,\N,\N,2025-08-03 14:06:07,0.88,35383,122,35384,1,2025-08-04 02:34:14,20250803
TP40KBT000B231023035,TP40KBT000B231023035,53.7,558.7,558.7,556.7,556.7,563.2,563.2,\N,\N,\N,\N,\N,\N,\N,\N,\N,\N,\N,\N,\N,\N,\N,\N,\N,\N,\N,\N,\N,\N,\N,\N,12.2,12,11.9,0.1,11.1,-0.1,\N,\N,\N,\N,\N,\N,\N,\N,\N,\N,\N,\N,\N,\N,\N,\N,\N,\N,\N,\N,\N,\N,\N,\N,268.1,265.1,267.4,32.5,32.6,32.6,49.95,49.95,49.95,26026,219.7,52779.1,4478,1,0,0,0,\N,\N,2025-08-03 14:11:09,0.65,26026,10,26026,1,2025-08-04 02:34:14,20250803
TP40KBT000B231023035,TP40KBT000B231023035,54.7,562.8,562.8,565.3,565.3,564,564,\N,\N,\N,\N,\N,\N,\N,\N,\N,\N,\N,\N,\N,\N,\N,\N,\N,\N,\N,\N,\N,\N,\N,\N,7.6,9,6.7,0,8.1,-0.1,\N,\N,\N,\N,\N,\N,\N,\N,\N,\N,\N,\N,\N,\N,\N,\N,\N,\N,\N,\N,\N,\N,\N,\N,266.2,262.6,265.4,21.5,21.6,21.6,49.99,49.99,49.99,17066,222.3,52781.7,4478,1,0,0,0,\N,\N,2025-08-03 14:16:09,0.43,17066,214,17068,1,2025-08-04 02:34:14,20250803
TP40KBT000B231023035,TP40KBT000B231023035,54.2,558.8,558.8,559.3,559.3,556.9,556.9,\N,\N,\N,\N,\N,\N,\N,\N,\N,\N,\N,\N,\N,\N,\N,\N,\N,\N,\N,\N,\N,\N,\N,\N,16.6,17,16.4,0.2,16.4,0,\N,\N,\N,\N,\N,\N,\N,\N,\N,\N,\N,\N,\N,\N,\N,\N,\N,\N,\N,\N,\N,\N,\N,\N,265.9,263.5,265.4,45.1,45.2,45.2,50,50,50,35909,224.3,52783.7,4478,1,0,0,0,\N,\N,2025-08-03 14:21:10,0.9,35909,133,35910,1,2025-08-04 02:34:14,20250803
TP40KBT000B231023035,TP40KBT000B231023035,54.7,555.8,555.8,563.5,563.5,554.1,554.1,\N,\N,\N,\N,\N,\N,\N,\N,\N,\N,\N,\N,\N,\N,\N,\N,\N,\N,\N,\N,\N,\N,\N,\N,4.6,4.4,4.3,0,4.4,-0.1,\N,\N,\N,\N,\N,\N,\N,\N,\N,\N,\N,\N,\N,\N,\N,\N,\N,\N,\N,\N,\N,\N,\N,\N,257.7,254.9,257.9,12.5,12.6,12.5,49.98,49.98,49.98,9564,227.1,52786.4,4478,1,0,0,0,\N,\N,2025-08-03 14:26:10,0.24,9564,-21,9564,-1,2025-08-04 02:34:14,20250803
TP40KBT000B231023035,TP40KBT000B231023035,53.4,558.9,558.9,561.7,561.7,558.1,558.1,\N,\N,\N,\N,\N,\N,\N,\N,\N,\N,\N,\N,\N,\N,\N,\N,\N,\N,\N,\N,\N,\N,\N,\N,4.1,3.8,3.9,0,3.9,-0.1,\N,\N,\N,\N,\N,\N,\N,\N,\N,\N,\N,\N,\N,\N,\N,\N,\N,\N,\N,\N,\N,\N,\N,\N,260.3,256.6,260.4,11.1,11.1,11.1,50.04,50.04,50.04,8465,227.8,52787.2,4479,1,0,0,0,\N,\N,2025-08-03 14:31:11,0.21,8465,-382,8474,-1,2025-08-04 02:34:14,20250803
TP40KBT000B231023035,TP40KBT000B231023035,51.2,558.9,558.9,565.7,565.7,568.3,568.3,\N,\N,\N,\N,\N,\N,\N,\N,\N,\N,\N,\N,\N,\N,\N,\N,\N,\N,\N,\N,\N,\N,\N,\N,3.8,3.5,3.5,0,3.5,-0.1,\N,\N,\N,\N,\N,\N,\N,\N,\N,\N,\N,\N,\N,\N,\N,\N,\N,\N,\N,\N,\N,\N,\N,\N,262.3,259.1,262.6,10.1,10.1,10.1,50.03,50.03,50.03,7778,228.5,52787.8,4479,1,0,0,0,\N,\N,2025-08-03 14:36:11,0.19,7778,68,7778,1,2025-08-04 02:34:14,20250803
TP40KBT000B231023035,TP40KBT000B231023035,49.5,578.7,578.7,573.6,573.6,566.1,566.1,\N,\N,\N,\N,\N,\N,\N,\N,\N,\N,\N,\N,\N,\N,\N,\N,\N,\N,\N,\N,\N,\N,\N,\N,3.2,3,3.1,0,3.2,-0.1,\N,\N,\N,\N,\N,\N,\N,\N,\N,\N,\N,\N,\N,\N,\N,\N,\N,\N,\N,\N,\N,\N,\N,\N,263.9,260.7,263.8,8.9,9,9,49.98,49.98,49.98,6929,229,52788.4,4479,1,0,0,0,\N,\N,2025-08-03 14:41:12,0.17,6929,66,6929,1,2025-08-04 02:34:14,20250803
TP40KBT000B231023035,TP40KBT000B231023035,49,575.7,575.7,575.7,575.7,572.1,572.1,\N,\N,\N,\N,\N,\N,\N,\N,\N,\N,\N,\N,\N,\N,\N,\N,\N,\N,\N,\N,\N,\N,\N,\N,13.3,13.6,13.1,0.1,13.2,0,\N,\N,\N,\N,\N,\N,\N,\N,\N,\N,\N,\N,\N,\N,\N,\N,\N,\N,\N,\N,\N,\N,\N,\N,266.9,264.4,266.1,37.2,37.2,37.2,49.97,49.97,49.97,29653,230.6,52790,4479,1,0,0,0,\N,\N,2025-08-03 14:46:12,0.74,29653,-18,29653,-1,2025-08-04 02:34:14,20250803
TP40KBT000B231023035,TP40KBT000B231023035,49.3,568.6,568.6,565.7,565.7,568.1,568.1,\N,\N,\N,\N,\N,\N,\N,\N,\N,\N,\N,\N,\N,\N,\N,\N,\N,\N,\N,\N,\N,\N,\N,\N,12.7,12.9,12.5,0.1,12.5,-0.1,\N,\N,\N,\N,\N,\N,\N,\N,\N,\N,\N,\N,\N,\N,\N,\N,\N,\N,\N,\N,\N,\N,\N,\N,267.2,264.5,266.5,34.9,34.9,34.9,50.04,50.04,50.04,27841,232.9,52792.4,4479,1,0,0,0,\N,\N,2025-08-03 14:51:11,0.7,27841,68,27841,1,2025-08-04 02:34:14,20250803
TP40KBT000B231023035,TP40KBT000B231023035,50.2,562.6,562.6,561.7,561.7,554.1,554.1,\N,\N,\N,\N,\N,\N,\N,\N,\N,\N,\N,\N,\N,\N,\N,\N,\N,\N,\N,\N,\N,\N,\N,\N,12.6,12.9,12.5,0.1,12.6,-0.1,\N,\N,\N,\N,\N,\N,\N,\N,\N,\N,\N,\N,\N,\N,\N,\N,\N,\N,\N,\N,\N,\N,\N,\N,267.3,264.6,266.4,34.5,34.5,34.5,50.05,50.05,50.05,27479,235.3,52794.7,4479,1,0,0,0,\N,\N,2025-08-03 14:56:12,0.69,27479,43,27479,1,2025-08-04 02:34:14,20250803
TP40KBT000B231023035,TP40KBT000B231023035,51.2,561,561,565.2,565.2,559.6,559.6,\N,\N,\N,\N,\N,\N,\N,\N,\N,\N,\N,\N,\N,\N,\N,\N,\N,\N,\N,\N,\N,\N,\N,\N,12.4,12.6,12.1,0.1,12.2,-0.1,\N,\N,\N,\N,\N,\N,\N,\N,\N,\N,\N,\N,\N,\N,\N,\N,\N,\N,\N,\N,\N,\N,\N,\N,265.5,262.2,265.2,33.9,34,34,49.98,49.98,49.98,26903,237.6,52797,4479,1,0,0,0,\N,\N,2025-08-03 15:01:13,0.67,26903,188,26904,1,2025-08-04 02:34:14,20250803
TP40KBT000B231023035,TP40KBT000B231023035,51.7,579.1,579.1,587.2,587.2,577.6,577.6,\N,\N,\N,\N,\N,\N,\N,\N,\N,\N,\N,\N,\N,\N,\N,\N,\N,\N,\N,\N,\N,\N,\N,\N,11.4,11.7,11.2,0.1,11.4,-0.1,\N,\N,\N,\N,\N,\N,\N,\N,\N,\N,\N,\N,\N,\N,\N,\N,\N,\N,\N,\N,\N,\N,\N,\N,267.5,265.1,267.3,32.6,32.6,32.6,49.95,49.95,49.95,26026,239.7,52799.2,4479,1,0,0,0,\N,\N,2025-08-03 15:06:14,0.65,26026,-50,26027,-1,2025-08-04 02:34:14,20250803
TP40KBT000B231023035,TP40KBT000B231023035,52,564.3,564.3,571.1,571.1,573.6,573.6,\N,\N,\N,\N,\N,\N,\N,\N,\N,\N,\N,\N,\N,\N,\N,\N,\N,\N,\N,\N,\N,\N,\N,\N,10.3,11.5,9.4,0,10.5,-0.1,\N,\N,\N,\N,\N,\N,\N,\N,\N,\N,\N,\N,\N,\N,\N,\N,\N,\N,\N,\N,\N,\N,\N,\N,264.7,262.5,264.5,28.9,28.9,29,49.95,49.95,49.95,22876,241.6,52801,4479,1,0,0,0,\N,\N,2025-08-03 15:11:14,0.57,22876,50,22876,1,2025-08-04 02:34:14,20250803
TP40KBT000B231023035,TP40KBT000B231023035,52,533,533,555.5,555.5,528.4,528.4,\N,\N,\N,\N,\N,\N,\N,\N,\N,\N,\N,\N,\N,\N,\N,\N,\N,\N,\N,\N,\N,\N,\N,\N,2.1,1.7,1.8,0,2,-0.1,\N,\N,\N,\N,\N,\N,\N,\N,\N,\N,\N,\N,\N,\N,\N,\N,\N,\N,\N,\N,\N,\N,\N,\N,259.8,257,259.1,5.4,5.4,5.4,49.96,49.96,49.96,3955,242.3,52801.7,4479,1,0,0,0,\N,\N,2025-08-03 15:16:14,0.1,3955,4,3955,1,2025-08-04 02:34:14,20250803
TP40KBT000B231023035,TP40KBT000B231023035,51,577,577,583.5,583.5,576,576,\N,\N,\N,\N,\N,\N,\N,\N,\N,\N,\N,\N,\N,\N,\N,\N,\N,\N,\N,\N,\N,\N,\N,\N,3.5,3.8,3.3,0,3.9,-0.2,\N,\N,\N,\N,\N,\N,\N,\N,\N,\N,\N,\N,\N,\N,\N,\N,\N,\N,\N,\N,\N,\N,\N,\N,259.4,257,260,10.6,10.6,10.6,49.99,49.99,49.99,8114,242.7,52802.1,4479,1,0,0,0,\N,\N,2025-08-03 15:21:14,0.2,8114,117,8115,1,2025-08-04 02:34:14,20250803
TP40KBT000B231023035,TP40KBT000B231023035,50.2,608.8,608.8,609.8,609.8,600.1,600.1,\N,\N,\N,\N,\N,\N,\N,\N,\N,\N,\N,\N,\N,\N,\N,\N,\N,\N,\N,\N,\N,\N,\N,\N,5.2,5.4,4.8,0,5.7,-0.1,\N,\N,\N,\N,\N,\N,\N,\N,\N,\N,\N,\N,\N,\N,\N,\N,\N,\N,\N,\N,\N,\N,\N,\N,260.3,257.5,260.2,16,16,16,50.02,50.02,50.02,12354,244.5,52803.9,4479,1,0,0,0,\N,\N,2025-08-03 15:26:15,0.31,12354,-2,12354,-1,2025-08-04 02:34:14,20250803
TP40KBT000B231023035,TP40KBT000B231023035,50.2,565.9,565.9,575.7,575.7,574.4,574.4,\N,\N,\N,\N,\N,\N,\N,\N,\N,\N,\N,\N,\N,\N,\N,\N,\N,\N,\N,\N,\N,\N,\N,\N,11.7,11.9,11.3,0,11.4,-0.1,\N,\N,\N,\N,\N,\N,\N,\N,\N,\N,\N,\N,\N,\N,\N,\N,\N,\N,\N,\N,\N,\N,\N,\N,261.3,259.2,261.1,32.8,32.8,32.8,50.03,50.03,50.03,25616,246.6,52806,4480,1,0,0,0,\N,\N,2025-08-03 15:31:15,0.64,25616,-22,25616,-1,2025-08-04 02:34:14,20250803
TP40KBT000B231023035,TP40KBT000B231023035,51,566.6,566.6,565.6,565.6,554.1,554.1,\N,\N,\N,\N,\N,\N,\N,\N,\N,\N,\N,\N,\N,\N,\N,\N,\N,\N,\N,\N,\N,\N,\N,\N,10.9,11.1,10.7,0,10.9,-0.1,\N,\N,\N,\N,\N,\N,\N,\N,\N,\N,\N,\N,\N,\N,\N,\N,\N,\N,\N,\N,\N,\N,\N,\N,259.5,257.4,259,30.7,30.8,30.8,49.95,49.95,49.95,23843,248.6,52808.1,4480,1,0,0,0,\N,\N,2025-08-03 15:36:15,0.6,23843,36,23843,1,2025-08-04 02:34:14,20250803
TP40KBT000B231023035,TP40KBT000B231023035,51.7,562.6,562.6,563.7,563.7,560.1,560.1,\N,\N,\N,\N,\N,\N,\N,\N,\N,\N,\N,\N,\N,\N,\N,\N,\N,\N,\N,\N,\N,\N,\N,\N,10.7,10.9,10.4,0.1,10.5,-0.1,\N,\N,\N,\N,\N,\N,\N,\N,\N,\N,\N,\N,\N,\N,\N,\N,\N,\N,\N,\N,\N,\N,\N,\N,260.3,257.8,260.3,29.8,29.8,29.8,49.95,49.95,49.95,23191,250.6,52810,4480,1,0,0,0,\N,\N,2025-08-03 15:41:15,0.58,23191,162,23192,1,2025-08-04 02:34:14,20250803
TP40KBT000B231023035,TP40KBT000B231023035,52.2,568.6,568.6,566.6,566.6,558.9,558.9,\N,\N,\N,\N,\N,\N,\N,\N,\N,\N,\N,\N,\N,\N,\N,\N,\N,\N,\N,\N,\N,\N,\N,\N,10.2,10.2,10,0.1,10.1,-0.1,\N,\N,\N,\N,\N,\N,\N,\N,\N,\N,\N,\N,\N,\N,\N,\N,\N,\N,\N,\N,\N,\N,\N,\N,259.7,257.8,259.8,28.6,28.7,28.7,49.98,49.98,49.98,22240,252.5,52811.9,4480,1,0,0,0,\N,\N,2025-08-03 15:46:16,0.56,22240,-32,22240,-1,2025-08-04 02:34:14,20250803
TP40KBT000B231023035,TP40KBT000B231023035,52.7,580.6,580.6,573.6,573.6,574,574,\N,\N,\N,\N,\N,\N,\N,\N,\N,\N,\N,\N,\N,\N,\N,\N,\N,\N,\N,\N,\N,\N,\N,\N,9.4,9.5,9.4,0.1,9.3,0,\N,\N,\N,\N,\N,\N,\N,\N,\N,\N,\N,\N,\N,\N,\N,\N,\N,\N,\N,\N,\N,\N,\N,\N,258.3,255.9,258.2,27.3,27.4,27.4,49.98,49.98,49.98,21122,254.2,52813.7,4480,1,0,0,0,\N,\N,2025-08-03 15:51:16,0.53,21122,-28,21122,-1,2025-08-04 02:34:14,20250803
TP40KBT000B231023035,TP40KBT000B231023035,52.4,583.2,583.2,601.4,601.4,585.8,585.8,\N,\N,\N,\N,\N,\N,\N,\N,\N,\N,\N,\N,\N,\N,\N,\N,\N,\N,\N,\N,\N,\N,\N,\N,8.8,8.9,8,0.1,8.5,0,\N,\N,\N,\N,\N,\N,\N,\N,\N,\N,\N,\N,\N,\N,\N,\N,\N,\N,\N,\N,\N,\N,\N,\N,257.8,254.8,257.4,25.4,25.4,25.4,50.03,50.03,50.03,19534,255.7,52815.1,4480,1,0,0,0,\N,\N,2025-08-03 15:56:16,0.49,19534,-86,19534,-1,2025-08-04 02:34:14,20250803
TP40KBT000B231023035,TP40KBT000B231023035,52,557,557,564.8,564.8,551.2,551.2,\N,\N,\N,\N,\N,\N,\N,\N,\N,\N,\N,\N,\N,\N,\N,\N,\N,\N,\N,\N,\N,\N,\N,\N,2.1,1.7,1.8,0,2,-0.2,\N,\N,\N,\N,\N,\N,\N,\N,\N,\N,\N,\N,\N,\N,\N,\N,\N,\N,\N,\N,\N,\N,\N,\N,253.4,251.1,253.2,5.7,5.7,5.7,50,50,50,4115,257,52816.5,4480,1,0,0,0,\N,\N,2025-08-03 16:01:16,0.1,4115,48,4115,1,2025-08-04 02:34:14,20250803
TP40KBT000B231023035,TP40KBT000B231023035,51.2,601.2,601.2,609.3,609.3,603.7,603.7,\N,\N,\N,\N,\N,\N,\N,\N,\N,\N,\N,\N,\N,\N,\N,\N,\N,\N,\N,\N,\N,\N,\N,\N,7.7,7.9,7.2,0.1,7.8,-0.1,\N,\N,\N,\N,\N,\N,\N,\N,\N,\N,\N,\N,\N,\N,\N,\N,\N,\N,\N,\N,\N,\N,\N,\N,257.5,254.8,257.7,23.6,23.6,23.6,50.04,50.04,50.04,18116,258,52817.4,4480,1,0,0,0,\N,\N,2025-08-03 16:06:16,0.45,18116,-45,18116,-1,2025-08-04 02:34:14,20250803
TP40KBT000B231023035,TP40KBT000B231023035,50.2,547.3,547.3,570.8,570.8,545.7,545.7,\N,\N,\N,\N,\N,\N,\N,\N,\N,\N,\N,\N,\N,\N,\N,\N,\N,\N,\N,\N,\N,\N,\N,\N,1.8,1.3,1.5,0,1.6,-0.2,\N,\N,\N,\N,\N,\N,\N,\N,\N,\N,\N,\N,\N,\N,\N,\N,\N,\N,\N,\N,\N,\N,\N,\N,250.3,247.6,250.5,4.8,4.8,4.8,49.98,49.98,49.98,3347,259.1,52818.6,4480,1,0,0,0,\N,\N,2025-08-03 16:11:17,0.08,3347,16,3347,1,2025-08-04 02:34:14,20250803
TP40KBT000B231023035,TP40KBT000B231023035,49.3,541,541,581.5,581.5,561.9,561.9,\N,\N,\N,\N,\N,\N,\N,\N,\N,\N,\N,\N,\N,\N,\N,\N,\N,\N,\N,\N,\N,\N,\N,\N,1.7,1.3,1.4,0,1.6,-0.2,\N,\N,\N,\N,\N,\N,\N,\N,\N,\N,\N,\N,\N,\N,\N,\N,\N,\N,\N,\N,\N,\N,\N,\N,252.4,249.2,252,4.6,4.7,4.6,49.97,49.97,49.97,3218,259.4,52818.8,4480,1,0,0,0,\N,\N,2025-08-03 16:16:15,0.08,3218,-47,3218,-1,2025-08-04 02:34:14,20250803
TP40KBT000B231023035,TP40KBT000B231023035,47.8,551.1,551.1,571.5,571.5,530.6,530.6,\N,\N,\N,\N,\N,\N,\N,\N,\N,\N,\N,\N,\N,\N,\N,\N,\N,\N,\N,\N,\N,\N,\N,\N,1.4,0.9,1.1,0,1.3,-0.2,\N,\N,\N,\N,\N,\N,\N,\N,\N,\N,\N,\N,\N,\N,\N,\N,\N,\N,\N,\N,\N,\N,\N,\N,253.9,250.4,252.9,3.7,3.8,3.7,50.01,50.01,50.01,2541,259.6,52819.1,4480,1,0,0,0,\N,\N,2025-08-03 16:21:16,0.06,2541,162,2546,1,2025-08-04 02:34:14,20250803
TP40KBT000B231023035,TP40KBT000B231023035,46.6,553,553,552.2,552.2,566.7,566.7,\N,\N,\N,\N,\N,\N,\N,\N,\N,\N,\N,\N,\N,\N,\N,\N,\N,\N,\N,\N,\N,\N,\N,\N,1.6,1.1,1.4,0,1.4,-0.2,\N,\N,\N,\N,\N,\N,\N,\N,\N,\N,\N,\N,\N,\N,\N,\N,\N,\N,\N,\N,\N,\N,\N,\N,252.1,248.6,251.1,4.2,4.3,4.3,49.98,49.98,49.98,2965,259.9,52819.3,4480,1,0,0,0,\N,\N,2025-08-03 16:26:17,0.07,2965,53,2966,1,2025-08-04 02:34:14,20250803
TP40KBT000B231023035,TP40KBT000B231023035,45.4,572,572,571.8,571.8,562,562,\N,\N,\N,\N,\N,\N,\N,\N,\N,\N,\N,\N,\N,\N,\N,\N,\N,\N,\N,\N,\N,\N,\N,\N,1.6,1.1,1.3,0,1.4,-0.2,\N,\N,\N,\N,\N,\N,\N,\N,\N,\N,\N,\N,\N,\N,\N,\N,\N,\N,\N,\N,\N,\N,\N,\N,252.6,249.2,251.8,4.3,4.4,4.3,49.99,49.99,49.99,2984,260.1,52819.6,4481,1,0,0,0,\N,\N,2025-08-03 16:31:17,0.07,2984,-17,2984,-1,2025-08-04 02:34:14,20250803
TP40KBT000B231023035,TP40KBT000B231023035,44.4,568,568,559.7,559.7,558.1,558.1,\N,\N,\N,\N,\N,\N,\N,\N,\N,\N,\N,\N,\N,\N,\N,\N,\N,\N,\N,\N,\N,\N,\N,\N,1.5,1.1,1.3,0,1.4,-0.2,\N,\N,\N,\N,\N,\N,\N,\N,\N,\N,\N,\N,\N,\N,\N,\N,\N,\N,\N,\N,\N,\N,\N,\N,251,247.8,250.8,4.3,4.4,4.4,50.03,50.03,50.03,2881,260.4,52819.8,4481,1,0,0,0,\N,\N,2025-08-03 16:36:19,0.07,2881,-294,2896,-0.99,2025-08-04 02:34:14,20250803
TP40KBT000B231023035,TP40KBT000B231023035,43.3,564.1,564.1,579.8,579.8,562.2,562.2,\N,\N,\N,\N,\N,\N,\N,\N,\N,\N,\N,\N,\N,\N,\N,\N,\N,\N,\N,\N,\N,\N,\N,\N,1.6,1.1,1.3,0,1.5,-0.2,\N,\N,\N,\N,\N,\N,\N,\N,\N,\N,\N,\N,\N,\N,\N,\N,\N,\N,\N,\N,\N,\N,\N,\N,250.4,247.4,250.3,4.3,4.4,4.3,49.98,49.98,49.98,2999,260.6,52820,4481,1,0,0,0,\N,\N,2025-08-03 16:41:18,0.07,2999,46,3000,1,2025-08-04 02:34:14,20250803
TP40KBT000B231023035,TP40KBT000B231023035,42.4,594.3,594.3,581.6,581.6,576,576,\N,\N,\N,\N,\N,\N,\N,\N,\N,\N,\N,\N,\N,\N,\N,\N,\N,\N,\N,\N,\N,\N,\N,\N,1.7,1.3,1.5,0,1.7,-0.2,\N,\N,\N,\N,\N,\N,\N,\N,\N,\N,\N,\N,\N,\N,\N,\N,\N,\N,\N,\N,\N,\N,\N,\N,248.8,245.9,248.1,5,5,5,50.01,50.01,50.01,3518,260.9,52820.3,4481,1,0,0,0,\N,\N,2025-08-03 16:46:19,0.09,3518,45,3518,1,2025-08-04 02:34:14,20250803
TP40KBT000B231023035,TP40KBT000B231023035,41.6,571,571,588.8,588.8,583.7,583.7,\N,\N,\N,\N,\N,\N,\N,\N,\N,\N,\N,\N,\N,\N,\N,\N,\N,\N,\N,\N,\N,\N,\N,\N,1.7,1.2,1.4,0,1.5,-0.2,\N,\N,\N,\N,\N,\N,\N,\N,\N,\N,\N,\N,\N,\N,\N,\N,\N,\N,\N,\N,\N,\N,\N,\N,248.5,245.8,248,4.7,4.7,4.7,49.99,49.99,49.99,3212,261.2,52820.7,4481,1,0,0,0,\N,\N,2025-08-03 16:51:19,0.08,3212,-45,3212,-1,2025-08-04 02:34:14,20250803
TP40KBT000B231023035,TP40KBT000B231023035,40.9,564.8,564.8,592.8,592.8,575.2,575.2,\N,\N,\N,\N,\N,\N,\N,\N,\N,\N,\N,\N,\N,\N,\N,\N,\N,\N,\N,\N,\N,\N,\N,\N,1.4,0.9,1.1,0,1.2,-0.1,\N,\N,\N,\N,\N,\N,\N,\N,\N,\N,\N,\N,\N,\N,\N,\N,\N,\N,\N,\N,\N,\N,\N,\N,247.8,245,246.6,3.8,3.9,3.9,50.03,50.03,50.03,2555,261.4,52820.9,4481,1,0,0,0,\N,\N,2025-08-03 16:56:20,0.06,2555,22,2555,1,2025-08-04 02:34:14,20250803
TP40KBT000B231023035,TP40KBT000B231023035,40.1,561.1,561.1,568.8,568.8,579.7,579.7,\N,\N,\N,\N,\N,\N,\N,\N,\N,\N,\N,\N,\N,\N,\N,\N,\N,\N,\N,\N,\N,\N,\N,\N,1.2,0.7,1,0,1,-0.1,\N,\N,\N,\N,\N,\N,\N,\N,\N,\N,\N,\N,\N,\N,\N,\N,\N,\N,\N,\N,\N,\N,\N,\N,246.5,243.8,245.9,3.4,3.4,3.4,49.98,49.98,49.98,2168,261.6,52821.1,4481,1,0,0,0,\N,\N,2025-08-03 17:01:20,0.05,2168,-30,2169,-1,2025-08-04 02:34:14,20250803
TP40KBT000B231023035,TP40KBT000B231023035,38.9,565,565,578,578,580.4,580.4,\N,\N,\N,\N,\N,\N,\N,\N,\N,\N,\N,\N,\N,\N,\N,\N,\N,\N,\N,\N,\N,\N,\N,\N,1.2,0.7,0.9,0,1,-0.1,\N,\N,\N,\N,\N,\N,\N,\N,\N,\N,\N,\N,\N,\N,\N,\N,\N,\N,\N,\N,\N,\N,\N,\N,246.1,243.2,245.3,3.3,3.4,3.3,49.96,49.96,49.96,2113,261.8,52821.3,4481,1,0,0,0,\N,\N,2025-08-03 17:06:20,0.05,2113,39,2113,1,2025-08-04 02:34:14,20250803
TP40KBT000B231023035,TP40KBT000B231023035,38.6,561,561,561.6,561.6,572.4,572.4,\N,\N,\N,\N,\N,\N,\N,\N,\N,\N,\N,\N,\N,\N,\N,\N,\N,\N,\N,\N,\N,\N,\N,\N,1.2,0.7,1,0,1.1,-0.1,\N,\N,\N,\N,\N,\N,\N,\N,\N,\N,\N,\N,\N,\N,\N,\N,\N,\N,\N,\N,\N,\N,\N,\N,245.5,242.9,244.5,3.4,3.5,3.5,49.96,49.96,49.96,2211,262,52821.4,4481,1,0,0,0,\N,\N,2025-08-03 17:11:20,0.06,2211,-12,2211,-1,2025-08-04 02:34:14,20250803
TP40KBT000B231023035,TP40KBT000B231023035,38.6,557,557,573.5,573.5,576.4,576.4,\N,\N,\N,\N,\N,\N,\N,\N,\N,\N,\N,\N,\N,\N,\N,\N,\N,\N,\N,\N,\N,\N,\N,\N,1.1,0.6,0.9,0,0.9,-0.1,\N,\N,\N,\N,\N,\N,\N,\N,\N,\N,\N,\N,\N,\N,\N,\N,\N,\N,\N,\N,\N,\N,\N,\N,243,240.7,242.2,3.2,3.2,3.2,50.04,50.04,50.04,1994,262.2,52821.6,4481,1,0,0,0,\N,\N,2025-08-03 17:16:20,0.05,1994,20,1994,1,2025-08-04 02:34:14,20250803
TP40KBT000B231023035,TP40KBT000B231023035,38.9,598.9,598.9,615.8,615.8,616,616,\N,\N,\N,\N,\N,\N,\N,\N,\N,\N,\N,\N,\N,\N,\N,\N,\N,\N,\N,\N,\N,\N,\N,\N,1.8,1.3,1.3,0,1.4,-0.1,\N,\N,\N,\N,\N,\N,\N,\N,\N,\N,\N,\N,\N,\N,\N,\N,\N,\N,\N,\N,\N,\N,\N,\N,243.4,239.4,242.1,4.7,4.8,4.8,50.04,50.04,50.04,3218,262.4,52821.9,4481,1,0,0,0,\N,\N,2025-08-03 17:21:20,0.08,3218,-49,3218,-1,2025-08-04 02:34:14,20250803
TP40KBT000B231023035,TP40KBT000B231023035,39.1,576.1,576.1,563.8,563.8,544.2,544.2,\N,\N,\N,\N,\N,\N,\N,\N,\N,\N,\N,\N,\N,\N,\N,\N,\N,\N,\N,\N,\N,\N,\N,\N,1.5,1,1.3,0,1.4,-0.1,\N,\N,\N,\N,\N,\N,\N,\N,\N,\N,\N,\N,\N,\N,\N,\N,\N,\N,\N,\N,\N,\N,\N,\N,244.4,240.2,242.8,4.2,4.3,4.3,49.97,49.97,49.97,2853,262.7,52822.1,4481,1,0,0,0,\N,\N,2025-08-03 17:26:21,0.07,2853,-30,2853,-1,2025-08-04 02:34:14,20250803
TP40KBT000B231023035,TP40KBT000B231023035,39.9,609.8,609.8,603.6,603.6,590.1,590.1,\N,\N,\N,\N,\N,\N,\N,\N,\N,\N,\N,\N,\N,\N,\N,\N,\N,\N,\N,\N,\N,\N,\N,\N,3.3,2.9,3.1,0,3.2,-0.2,\N,\N,\N,\N,\N,\N,\N,\N,\N,\N,\N,\N,\N,\N,\N,\N,\N,\N,\N,\N,\N,\N,\N,\N,243,239.6,242.2,10.3,10.3,10.3,50.03,50.03,50.03,7379,263.1,52822.6,4482,1,0,0,0,\N,\N,2025-08-03 17:31:19,0.18,7379,133,7380,1,2025-08-04 02:34:14,20250803
TP40KBT000B231023035,TP40KBT000B231023035,41.4,603.8,603.8,595.6,595.6,576.1,576.1,\N,\N,\N,\N,\N,\N,\N,\N,\N,\N,\N,\N,\N,\N,\N,\N,\N,\N,\N,\N,\N,\N,\N,\N,3,2.6,2.8,0,2.7,-0.1,\N,\N,\N,\N,\N,\N,\N,\N,\N,\N,\N,\N,\N,\N,\N,\N,\N,\N,\N,\N,\N,\N,\N,\N,243,239.7,243,9,9.1,9,50.04,50.04,50.04,6398,263.7,52823.2,4482,1,0,0,0,\N,\N,2025-08-03 17:36:19,0.16,6398,-258,6403,-1,2025-08-04 02:34:14,20250803
TP40KBT000B231023035,TP40KBT000B231023035,43.4,608.2,608.2,593.6,593.6,526.1,526.1,\N,\N,\N,\N,\N,\N,\N,\N,\N,\N,\N,\N,\N,\N,\N,\N,\N,\N,\N,\N,\N,\N,\N,\N,2.7,2.3,2.5,0,2.6,-0.1,\N,\N,\N,\N,\N,\N,\N,\N,\N,\N,\N,\N,\N,\N,\N,\N,\N,\N,\N,\N,\N,\N,\N,\N,243.1,240.6,243.7,8.1,8.1,8.1,49.98,49.98,49.98,5789,264.2,52823.7,4482,1,0,0,0,\N,\N,2025-08-03 17:41:22,0.14,5789,51,5789,1,2025-08-04 02:34:14,20250803
TP40KBT000B231023035,TP40KBT000B231023035,44.4,600.8,600.8,611,611,531.7,531.7,\N,\N,\N,\N,\N,\N,\N,\N,\N,\N,\N,\N,\N,\N,\N,\N,\N,\N,\N,\N,\N,\N,\N,\N,2.7,2.3,2.3,0,2.3,-0.1,\N,\N,\N,\N,\N,\N,\N,\N,\N,\N,\N,\N,\N,\N,\N,\N,\N,\N,\N,\N,\N,\N,\N,\N,241.7,240.2,242.6,7.7,7.8,7.8,49.96,49.96,49.96,5482,264.6,52824.1,4482,1,0,0,0,\N,\N,2025-08-03 17:46:22,0.14,5482,-19,5482,-1,2025-08-04 02:34:14,20250803
TP40KBT000B231023035,TP40KBT000B231023035,45.6,596.8,596.8,601.1,601.1,577.7,577.7,\N,\N,\N,\N,\N,\N,\N,\N,\N,\N,\N,\N,\N,\N,\N,\N,\N,\N,\N,\N,\N,\N,\N,\N,2.6,2.2,2.3,0,2.1,-0.2,\N,\N,\N,\N,\N,\N,\N,\N,\N,\N,\N,\N,\N,\N,\N,\N,\N,\N,\N,\N,\N,\N,\N,\N,241.7,239.6,242.1,7.6,7.6,7.6,50.01,50.01,50.01,5327,265.1,52824.6,4482,1,0,0,0,\N,\N,2025-08-03 17:51:22,0.13,5327,-174,5330,-1,2025-08-04 02:34:14,20250803
TP40KBT000B231023035,TP40KBT000B231023035,46.1,595.1,595.1,595.3,595.3,581.7,581.7,\N,\N,\N,\N,\N,\N,\N,\N,\N,\N,\N,\N,\N,\N,\N,\N,\N,\N,\N,\N,\N,\N,\N,\N,2.5,1.9,2.2,0,2,-0.2,\N,\N,\N,\N,\N,\N,\N,\N,\N,\N,\N,\N,\N,\N,\N,\N,\N,\N,\N,\N,\N,\N,\N,\N,240.7,238.9,240.9,7.2,7.3,7.3,50.03,50.03,50.03,5060,265.5,52825,4482,1,0,0,0,\N,\N,2025-08-03 17:56:22,0.13,5060,-89,5060,-1,2025-08-04 02:34:14,20250803
TP40KBT000B231023035,TP40KBT000B231023035,46.3,563.1,563.1,571.5,571.5,570.2,570.2,\N,\N,\N,\N,\N,\N,\N,\N,\N,\N,\N,\N,\N,\N,\N,\N,\N,\N,\N,\N,\N,\N,\N,\N,1.5,1.1,1.3,0,1.3,-0.2,\N,\N,\N,\N,\N,\N,\N,\N,\N,\N,\N,\N,\N,\N,\N,\N,\N,\N,\N,\N,\N,\N,\N,\N,239.1,237.3,239.7,4.3,4.3,4.3,50,50,50,2841,265.8,52825.4,4482,1,0,0,0,\N,\N,2025-08-03 18:01:22,0.07,2841,77,2842,1,2025-08-04 02:34:14,20250803
TP40KBT000B231023035,TP40KBT000B231023035,45.4,551,551,575.6,575.6,562.4,562.4,\N,\N,\N,\N,\N,\N,\N,\N,\N,\N,\N,\N,\N,\N,\N,\N,\N,\N,\N,\N,\N,\N,\N,\N,1.1,0.7,0.9,0,1,-0.1,\N,\N,\N,\N,\N,\N,\N,\N,\N,\N,\N,\N,\N,\N,\N,\N,\N,\N,\N,\N,\N,\N,\N,\N,237.8,235.9,237.5,3.3,3.3,3.3,50,50,50,2059,266,52825.6,4482,1,0,0,0,\N,\N,2025-08-03 18:06:24,0.05,2059,5,2059,1,2025-08-04 02:34:14,20250803
TP40KBT000B231023035,TP40KBT000B231023035,43.9,503.2,503.2,531.9,531.9,543.4,543.4,\N,\N,\N,\N,\N,\N,\N,\N,\N,\N,\N,\N,\N,\N,\N,\N,\N,\N,\N,\N,\N,\N,\N,\N,0.7,0.3,0.5,0,0.6,-0.1,\N,\N,\N,\N,\N,\N,\N,\N,\N,\N,\N,\N,\N,\N,\N,\N,\N,\N,\N,\N,\N,\N,\N,\N,236,234.2,235.7,2.1,2.2,2.2,49.99,49.99,49.99,1076,266.1,52825.7,4482,1,0,0,0,\N,\N,2025-08-03 18:11:24,0.03,1076,153,1087,0.99,2025-08-04 02:34:14,20250803
TP40KBT000B231023035,TP40KBT000B231023035,42.4,507.2,507.2,539.9,539.9,561.9,561.9,\N,\N,\N,\N,\N,\N,\N,\N,\N,\N,\N,\N,\N,\N,\N,\N,\N,\N,\N,\N,\N,\N,\N,\N,0.7,0.2,0.5,0,0.5,-0.2,\N,\N,\N,\N,\N,\N,\N,\N,\N,\N,\N,\N,\N,\N,\N,\N,\N,\N,\N,\N,\N,\N,\N,\N,235.8,233.7,235.8,2.2,2.3,2.2,50.02,50.02,50.02,1022,266.2,52825.8,4482,1,0,0,0,\N,\N,2025-08-03 18:16:24,0.03,1022,33,1023,1,2025-08-04 02:34:14,20250803
TP40KBT000B231023035,TP40KBT000B231023035,40.9,533.4,533.4,523.9,523.9,546.3,546.3,\N,\N,\N,\N,\N,\N,\N,\N,\N,\N,\N,\N,\N,\N,\N,\N,\N,\N,\N,\N,\N,\N,\N,\N,0.8,0.2,0.5,0,0.6,-0.1,\N,\N,\N,\N,\N,\N,\N,\N,\N,\N,\N,\N,\N,\N,\N,\N,\N,\N,\N,\N,\N,\N,\N,\N,235.9,235.5,235.6,2.3,2.3,2.3,50.01,50.01,50.01,1098,266.3,52825.8,4482,1,0,0,0,\N,\N,2025-08-03 18:21:20,0.03,1098,36,1098,1,2025-08-04 02:34:14,20250803
TP40KBT000B231023035,TP40KBT000B231023035,39.1,565.4,565.4,532,532,538.4,538.4,\N,\N,\N,\N,\N,\N,\N,\N,\N,\N,\N,\N,\N,\N,\N,\N,\N,\N,\N,\N,\N,\N,\N,\N,0.8,0.2,0.6,0,0.7,-0.1,\N,\N,\N,\N,\N,\N,\N,\N,\N,\N,\N,\N,\N,\N,\N,\N,\N,\N,\N,\N,\N,\N,\N,\N,235.6,234.8,235.9,2.3,2.3,2.3,50.02,50.02,50.02,1231,266.4,52825.9,4482,1,0,0,0,\N,\N,2025-08-03 18:26:06,0.03,1231,79,1234,1,2025-08-04 02:34:14,20250803
TP40KBT000B231023035,TP40KBT000B231023035,38.1,557.4,557.4,564,564,530.4,530.4,\N,\N,\N,\N,\N,\N,\N,\N,\N,\N,\N,\N,\N,\N,\N,\N,\N,\N,\N,\N,\N,\N,\N,\N,0.9,0.3,0.6,0,0.7,-0.1,\N,\N,\N,\N,\N,\N,\N,\N,\N,\N,\N,\N,\N,\N,\N,\N,\N,\N,\N,\N,\N,\N,\N,\N,237,235.9,236.7,2.6,2.6,2.6,49.98,49.98,49.98,1447,266.5,52826,4483,1,0,0,0,\N,\N,2025-08-03 18:31:23,0.04,1447,82,1449,1,2025-08-04 02:34:14,20250803
TP40KBT000B231023035,TP40KBT000B231023035,38.4,570.1,570.1,556,556,554,554,\N,\N,\N,\N,\N,\N,\N,\N,\N,\N,\N,\N,\N,\N,\N,\N,\N,\N,\N,\N,\N,\N,\N,\N,1.1,0.5,0.8,0,0.9,-0.1,\N,\N,\N,\N,\N,\N,\N,\N,\N,\N,\N,\N,\N,\N,\N,\N,\N,\N,\N,\N,\N,\N,\N,\N,237.5,235.9,237.6,3,3,3,50,50,50,1840,266.7,52826.1,4483,1,0,0,0,\N,\N,2025-08-03 18:36:24,0.05,1840,75,1842,1,2025-08-04 02:34:14,20250803
TP40KBT000B231023035,TP40KBT000B231023035,38.9,567,567,586.1,586.1,540.5,540.5,\N,\N,\N,\N,\N,\N,\N,\N,\N,\N,\N,\N,\N,\N,\N,\N,\N,\N,\N,\N,\N,\N,\N,\N,1,0.4,0.7,0,0.9,-0.2,\N,\N,\N,\N,\N,\N,\N,\N,\N,\N,\N,\N,\N,\N,\N,\N,\N,\N,\N,\N,\N,\N,\N,\N,237.2,235.7,237.4,2.9,3,3,49.96,49.96,49.96,1705,266.8,52826.3,4483,1,0,0,0,\N,\N,2025-08-03 18:41:25,0.04,1705,17,1705,1,2025-08-04 02:34:14,20250803
TP40KBT000B231023035,TP40KBT000B231023035,39.1,539.2,539.2,582.1,582.1,541.7,541.7,\N,\N,\N,\N,\N,\N,\N,\N,\N,\N,\N,\N,\N,\N,\N,\N,\N,\N,\N,\N,\N,\N,\N,\N,0.9,0.4,0.6,0,0.7,-0.1,\N,\N,\N,\N,\N,\N,\N,\N,\N,\N,\N,\N,\N,\N,\N,\N,\N,\N,\N,\N,\N,\N,\N,\N,237.4,234.9,236.2,2.5,2.5,2.5,50.02,50.02,50.02,1390,266.9,52826.4,4483,1,0,0,0,\N,\N,2025-08-03 18:46:26,0.03,1390,105,1394,1,2025-08-04 02:34:14,20250803
TP40KBT000B231023035,TP40KBT000B231023035,38.9,531.3,531.3,566.1,566.1,576.5,576.5,\N,\N,\N,\N,\N,\N,\N,\N,\N,\N,\N,\N,\N,\N,\N,\N,\N,\N,\N,\N,\N,\N,\N,\N,0.7,0.2,0.4,0,0.5,-0.2,\N,\N,\N,\N,\N,\N,\N,\N,\N,\N,\N,\N,\N,\N,\N,\N,\N,\N,\N,\N,\N,\N,\N,\N,236.3,234.8,235.1,2.2,2.2,2.2,50.03,50.03,50.03,990,267,52826.5,4483,1,0,0,0,\N,\N,2025-08-03 18:51:26,0.02,990,55,992,1,2025-08-04 02:34:14,20250803
TP40KBT000B231023035,TP40KBT000B231023035,38.4,527.2,527.2,563.5,563.5,515.3,515.3,\N,\N,\N,\N,\N,\N,\N,\N,\N,\N,\N,\N,\N,\N,\N,\N,\N,\N,\N,\N,\N,\N,\N,\N,0.6,0,0.4,0,0.5,-0.1,\N,\N,\N,\N,\N,\N,\N,\N,\N,\N,\N,\N,\N,\N,\N,\N,\N,\N,\N,\N,\N,\N,\N,\N,236.4,234.1,234.6,2,2.1,2.1,49.96,49.96,49.96,798,267,52826.6,4483,1,0,0,0,\N,\N,2025-08-03 18:56:09,0.02,798,-33,799,-1,2025-08-04 02:34:14,20250803
TP40KBT000B231023035,TP40KBT000B231023035,38.1,543.2,543.2,512,512,541.9,541.9,\N,\N,\N,\N,\N,\N,\N,\N,\N,\N,\N,\N,\N,\N,\N,\N,\N,\N,\N,\N,\N,\N,\N,\N,0.6,0,0.3,0,0.4,-0.1,\N,\N,\N,\N,\N,\N,\N,\N,\N,\N,\N,\N,\N,\N,\N,\N,\N,\N,\N,\N,\N,\N,\N,\N,236.4,233.7,235.2,1.9,2,1.9,49.95,49.95,49.95,656,267.1,52826.6,4483,1,0,0,0,\N,\N,2025-08-03 19:01:26,0.02,656,25,656,1,2025-08-04 02:34:14,20250803
TP40KBT000B231023035,TP40KBT000B231023035,38.1,479.2,479.2,527.9,527.9,527.3,527.3,\N,\N,\N,\N,\N,\N,\N,\N,\N,\N,\N,\N,\N,\N,\N,\N,\N,\N,\N,\N,\N,\N,\N,\N,0.5,0,0.3,0,0.4,-0.1,\N,\N,\N,\N,\N,\N,\N,\N,\N,\N,\N,\N,\N,\N,\N,\N,\N,\N,\N,\N,\N,\N,\N,\N,236.4,234.2,235.2,1.9,2,1.9,49.96,49.96,49.96,577,267.1,52826.7,4483,1,0,0,0,\N,\N,2025-08-03 19:06:26,0.01,577,-19,577,-1,2025-08-04 02:34:14,20250803
TP40KBT000B231023035,TP40KBT000B231023035,37.9,519.2,519.2,523.9,523.9,522.4,522.4,\N,\N,\N,\N,\N,\N,\N,\N,\N,\N,\N,\N,\N,\N,\N,\N,\N,\N,\N,\N,\N,\N,\N,\N,0.4,0,0.2,0,0.3,-0.1,\N,\N,\N,\N,\N,\N,\N,\N,\N,\N,\N,\N,\N,\N,\N,\N,\N,\N,\N,\N,\N,\N,\N,\N,236.3,234.7,235.4,1.8,1.9,1.9,50.01,50.01,50.01,461,267.2,52826.7,4483,1,0,0,0,\N,\N,2025-08-03 19:11:26,0.01,461,63,465,0.99,2025-08-04 02:34:14,20250803
TP40KBT000B231023035,TP40KBT000B231023035,37.4,545.4,545.4,507.9,507.9,514.4,514.4,\N,\N,\N,\N,\N,\N,\N,\N,\N,\N,\N,\N,\N,\N,\N,\N,\N,\N,\N,\N,\N,\N,\N,\N,0.4,-0.1,0.2,0,0.3,-0.2,\N,\N,\N,\N,\N,\N,\N,\N,\N,\N,\N,\N,\N,\N,\N,\N,\N,\N,\N,\N,\N,\N,\N,\N,235.3,233.3,234,2,2,2,49.97,49.97,49.97,346,267.2,52826.7,4483,1,0,0,0,\N,\N,2025-08-03 19:16:26,0.01,346,-103,361,-0.96,2025-08-04 02:34:14,20250803
TP40KBT000B231023035,TP40KBT000B231023035,36.6,477.4,477.4,536,536,458.3,458.3,\N,\N,\N,\N,\N,\N,\N,\N,\N,\N,\N,\N,\N,\N,\N,\N,\N,\N,\N,\N,\N,\N,\N,\N,0.4,-0.1,0.1,0,0.2,-0.1,\N,\N,\N,\N,\N,\N,\N,\N,\N,\N,\N,\N,\N,\N,\N,\N,\N,\N,\N,\N,\N,\N,\N,\N,235.4,233.4,234.3,2,2,2,50.04,50.04,50.04,229,267.3,52826.8,4483,1,0,0,0,\N,\N,2025-08-03 19:21:27,0.01,229,-83,244,-0.94,2025-08-04 02:34:14,20250803
TP40KBT000B231023035,TP40KBT000B231023035,36.1,505.4,505.4,471.9,471.9,490.3,490.3,\N,\N,\N,\N,\N,\N,\N,\N,\N,\N,\N,\N,\N,\N,\N,\N,\N,\N,\N,\N,\N,\N,\N,\N,0.3,-0.1,0.1,0,0.2,-0.1,\N,\N,\N,\N,\N,\N,\N,\N,\N,\N,\N,\N,\N,\N,\N,\N,\N,\N,\N,\N,\N,\N,\N,\N,235.1,232.8,233.7,1.9,1.9,1.9,50.03,50.03,50.03,174,267.3,52826.8,4483,1,0,0,0,\N,\N,2025-08-03 19:26:28,0,174,9,174,1,2025-08-04 02:34:14,20250803
TP40KBT000B231023035,TP40KBT000B231023035,35.5,511.2,511.2,514,514,540.5,540.5,\N,\N,\N,\N,\N,\N,\N,\N,\N,\N,\N,\N,\N,\N,\N,\N,\N,\N,\N,\N,\N,\N,\N,\N,0.3,-0.1,0.1,0,0.1,-0.1,\N,\N,\N,\N,\N,\N,\N,\N,\N,\N,\N,\N,\N,\N,\N,\N,\N,\N,\N,\N,\N,\N,\N,\N,235.3,233.3,234,2,2,2,49.97,49.97,49.97,103,267.3,52826.8,4484,1,0,0,0,\N,\N,2025-08-03 19:31:28,0,103,-36,109,-0.94,2025-08-04 02:34:14,20250803
TP40KBT000B231023035,TP40KBT000B231023035,35,504.2,504.2,522.4,522.4,392.9,392.9,\N,\N,\N,\N,\N,\N,\N,\N,\N,\N,\N,\N,\N,\N,\N,\N,\N,\N,\N,\N,\N,\N,\N,\N,0.3,-0.2,0,0,0.1,-0.1,\N,\N,\N,\N,\N,\N,\N,\N,\N,\N,\N,\N,\N,\N,\N,\N,\N,\N,\N,\N,\N,\N,\N,\N,235.2,233.3,234,2,2.1,2.1,50,50,50,48,267.3,52826.8,4484,1,0,0,0,\N,\N,2025-08-03 19:36:28,0,48,-101,112,-0.43,2025-08-04 02:34:14,20250803
TP40KBT000B231023035,TP40KBT000B231023035,34.5,460,460,481.5,481.5,223.9,223.9,\N,\N,\N,\N,\N,\N,\N,\N,\N,\N,\N,\N,\N,\N,\N,\N,\N,\N,\N,\N,\N,\N,\N,\N,0.3,-0.3,0,0,0.1,-0.1,\N,\N,\N,\N,\N,\N,\N,\N,\N,\N,\N,\N,\N,\N,\N,\N,\N,\N,\N,\N,\N,\N,\N,\N,235.7,232.8,234.5,2.2,2.3,2.2,50.01,50.01,50.01,0,267.3,52826.8,4484,1,0,0,0,\N,\N,2025-08-03 19:41:28,0,0,-173,174,0,2025-08-04 02:34:14,20250803
TP40KBT000B231023035,TP40KBT000B231023035,34,391.1,391.1,489.6,489.6,415.9,415.9,\N,\N,\N,\N,\N,\N,\N,\N,\N,\N,\N,\N,\N,\N,\N,\N,\N,\N,\N,\N,\N,\N,\N,\N,0.3,-0.2,0,0,0.1,-0.2,\N,\N,\N,\N,\N,\N,\N,\N,\N,\N,\N,\N,\N,\N,\N,\N,\N,\N,\N,\N,\N,\N,\N,\N,236.1,233.7,235,2,2,2,50.02,50.02,50.02,0,267.3,52826.8,4484,1,0,0,0,\N,\N,2025-08-03 19:46:28,0,0,36,43,0,2025-08-04 02:34:14,20250803
TP40KBT000B231023035,TP40KBT000B231023035,33.5,407.1,407.1,437.1,437.1,254.4,254.4,\N,\N,\N,\N,\N,\N,\N,\N,\N,\N,\N,\N,\N,\N,\N,\N,\N,\N,\N,\N,\N,\N,\N,\N,0.2,-0.2,0,0,0.1,-0.1,\N,\N,\N,\N,\N,\N,\N,\N,\N,\N,\N,\N,\N,\N,\N,\N,\N,\N,\N,\N,\N,\N,\N,\N,235.5,233.7,234.4,1.9,2,1.9,50.01,50.01,50.01,0,267.3,52826.8,4484,1,0,0,0,\N,\N,2025-08-03 19:51:25,0,0,99,109,0,2025-08-04 02:34:14,20250803
TP40KBT000B231023035,TP40KBT000B231023035,32.9,390.2,390.2,233.6,233.6,158.1,158.1,\N,\N,\N,\N,\N,\N,\N,\N,\N,\N,\N,\N,\N,\N,\N,\N,\N,\N,\N,\N,\N,\N,\N,\N,0.2,-0.2,0,0,0,-0.1,\N,\N,\N,\N,\N,\N,\N,\N,\N,\N,\N,\N,\N,\N,\N,\N,\N,\N,\N,\N,\N,\N,\N,\N,235.7,233.8,234.8,2.1,2.1,2.1,50.03,50.03,50.03,0,267.3,52826.8,4484,1,0,0,0,\N,\N,2025-08-03 19:56:29,0,0,-110,125,0,2025-08-04 02:34:14,20250803
TP40KBT000B231023035,TP40KBT000B231023035,32.7,234,234,186.2,186.2,161,161,\N,\N,\N,\N,\N,\N,\N,\N,\N,\N,\N,\N,\N,\N,\N,\N,\N,\N,\N,\N,\N,\N,\N,\N,0.2,-0.2,0,0,0.1,-0.1,\N,\N,\N,\N,\N,\N,\N,\N,\N,\N,\N,\N,\N,\N,\N,\N,\N,\N,\N,\N,\N,\N,\N,\N,236.2,233.9,234.5,1.9,2,2,50.04,50.04,50.04,0,267.3,52826.8,4484,1,0,0,0,\N,\N,2025-08-03 20:01:28,0,0,-11,67,0,2025-08-04 02:34:14,20250803
